"Produkt_Code","SDO_ID","Zeitstempel","Wert","Qualitaet_Byte","Qualitaet_Niveau"
"OBS_DEU_P1M_T2M","3271","1906-01-01","-0.6","","5",
"OBS_DEU_P1M_T2M","3271","1906-02-01","-1.5","","5",
"OBS_DEU_P1M_T2M","3271","1906-03-01","2.1","","5",
"OBS_DEU_P1M_T2M","3271","1906-04-01","9.2","","5",
"OBS_DEU_P1M_T2M","3271","1906-05-01","13.1","","5",
"OBS_DEU_P1M_T2M","3271","1906-06-01","15.2","","5",
"OBS_DEU_P1M_T2M","3271","1906-07-01","18.1","","5",
"OBS_DEU_P1M_T2M","3271","1906-08-01","16.7","","5",
"OBS_DEU_P1M_T2M","3271","1906-09-01","11.9","","5",
"OBS_DEU_P1M_T2M","3271","1906-10-01","8.6","","5",
"OBS_DEU_P1M_T2M","3271","1906-11-01","5","","5",
"OBS_DEU_P1M_T2M","3271","1906-12-01","-3.3","","5",
"OBS_DEU_P1M_T2M","3271","1907-01-01","-1.6","","5",
"OBS_DEU_P1M_T2M","3271","1907-02-01","-2.6","","5",
"OBS_DEU_P1M_T2M","3271","1907-03-01","1.8","","5",
"OBS_DEU_P1M_T2M","3271","1907-04-01","6.4","","5",
"OBS_DEU_P1M_T2M","3271","1907-05-01","14.2","","5",
"OBS_DEU_P1M_T2M","3271","1907-06-01","15.7","","5",
"OBS_DEU_P1M_T2M","3271","1907-07-01","15.5","","5",
"OBS_DEU_P1M_T2M","3271","1907-08-01","16.7","","5",
"OBS_DEU_P1M_T2M","3271","1907-09-01","13.5","","5",
"OBS_DEU_P1M_T2M","3271","1907-10-01","11.1","","5",
"OBS_DEU_P1M_T2M","3271","1907-11-01","1.7","","5",
"OBS_DEU_P1M_T2M","3271","1907-12-01","0.5","","5",
"OBS_DEU_P1M_T2M","3271","1908-01-01","-5.3","","5",
"OBS_DEU_P1M_T2M","3271","1908-02-01","0.2","","5",
"OBS_DEU_P1M_T2M","3271","1908-03-01","2.7","","5",
"OBS_DEU_P1M_T2M","3271","1908-04-01","6.6","","5",
"OBS_DEU_P1M_T2M","3271","1908-05-01","15","","5",
"OBS_DEU_P1M_T2M","3271","1908-06-01","18.3","","5",
"OBS_DEU_P1M_T2M","3271","1908-07-01","17.6","","5",
"OBS_DEU_P1M_T2M","3271","1908-08-01","15","","5",
"OBS_DEU_P1M_T2M","3271","1908-09-01","11.3","","5",
"OBS_DEU_P1M_T2M","3271","1908-10-01","7.2","","5",
"OBS_DEU_P1M_T2M","3271","1908-11-01","0.7","","5",
"OBS_DEU_P1M_T2M","3271","1908-12-01","-2.2","","5",
"OBS_DEU_P1M_T2M","3271","1909-01-01","-2.9","","5",
"OBS_DEU_P1M_T2M","3271","1909-02-01","-3","","5",
"OBS_DEU_P1M_T2M","3271","1909-03-01","2","","5",
"OBS_DEU_P1M_T2M","3271","1909-04-01","9.2","","5",
"OBS_DEU_P1M_T2M","3271","1909-05-01","11.6","","5",
"OBS_DEU_P1M_T2M","3271","1909-06-01","15.1","","5",
"OBS_DEU_P1M_T2M","3271","1909-07-01","15.3","","5",
"OBS_DEU_P1M_T2M","3271","1909-08-01","17.2","","5",
"OBS_DEU_P1M_T2M","3271","1909-09-01","13","","5",
"OBS_DEU_P1M_T2M","3271","1909-10-01","9.3","","5",
"OBS_DEU_P1M_T2M","3271","1909-11-01","1.3","","5",
"OBS_DEU_P1M_T2M","3271","1909-12-01","1.1","","5",
"OBS_DEU_P1M_T2M","3271","1910-01-01","-0.2","","5",
"OBS_DEU_P1M_T2M","3271","1910-02-01","1","","5",
"OBS_DEU_P1M_T2M","3271","1910-03-01","3.6","","5",
"OBS_DEU_P1M_T2M","3271","1910-04-01","8","","5",
"OBS_DEU_P1M_T2M","3271","1910-05-01","12.6","","5",
"OBS_DEU_P1M_T2M","3271","1910-06-01","17.1","","5",
"OBS_DEU_P1M_T2M","3271","1910-07-01","15.8","","5",
"OBS_DEU_P1M_T2M","3271","1910-08-01","16","","5",
"OBS_DEU_P1M_T2M","3271","1910-09-01","11.7","","5",
"OBS_DEU_P1M_T2M","3271","1910-10-01","9.1","","5",
"OBS_DEU_P1M_T2M","3271","1910-11-01","1.9","","5",
"OBS_DEU_P1M_T2M","3271","1910-12-01","1.1","","5",
"OBS_DEU_P1M_T2M","3271","1911-01-01","-4.5","","5",
"OBS_DEU_P1M_T2M","3271","1911-02-01","-0.7","","5",
"OBS_DEU_P1M_T2M","3271","1911-03-01","4.7","","5",
"OBS_DEU_P1M_T2M","3271","1911-04-01","7.6","","5",
"OBS_DEU_P1M_T2M","3271","1911-05-01","13.9","","5",
"OBS_DEU_P1M_T2M","3271","1911-06-01","15.8","","5",
"OBS_DEU_P1M_T2M","3271","1911-07-01","20","","5",
"OBS_DEU_P1M_T2M","3271","1911-08-01","19.5","","5",
"OBS_DEU_P1M_T2M","3271","1911-09-01","14.2","","5",
"OBS_DEU_P1M_T2M","3271","1911-10-01","8","","5",
"OBS_DEU_P1M_T2M","3271","1911-11-01","3.5","","5",
"OBS_DEU_P1M_T2M","3271","1911-12-01","1.3","","5",
"OBS_DEU_P1M_T2M","3271","1912-01-01","-3.5","","5",
"OBS_DEU_P1M_T2M","3271","1912-02-01","0.5","","5",
"OBS_DEU_P1M_T2M","3271","1912-03-01","5.7","","5",
"OBS_DEU_P1M_T2M","3271","1912-04-01","7.2","","5",
"OBS_DEU_P1M_T2M","3271","1912-05-01","12.9","","5",
"OBS_DEU_P1M_T2M","3271","1912-06-01","16.7","","5",
"OBS_DEU_P1M_T2M","3271","1912-07-01","17.8","","5",
"OBS_DEU_P1M_T2M","3271","1912-08-01","14.2","","5",
"OBS_DEU_P1M_T2M","3271","1912-09-01","8.8","","5",
"OBS_DEU_P1M_T2M","3271","1912-10-01","5.3","","5",
"OBS_DEU_P1M_T2M","3271","1912-11-01","0.2","","5",
"OBS_DEU_P1M_T2M","3271","1912-12-01","-0.2","","5",
"OBS_DEU_P1M_T2M","3271","1913-01-01","-2.5","","5",
"OBS_DEU_P1M_T2M","3271","1913-02-01","-0.5","","5",
"OBS_DEU_P1M_T2M","3271","1913-03-01","5.8","","5",
"OBS_DEU_P1M_T2M","3271","1913-04-01","8.4","","5",
"OBS_DEU_P1M_T2M","3271","1913-05-01","12.6","","5",
"OBS_DEU_P1M_T2M","3271","1913-06-01","15.4","","5",
"OBS_DEU_P1M_T2M","3271","1913-07-01","14.9","","5",
"OBS_DEU_P1M_T2M","3271","1913-08-01","15","","5",
"OBS_DEU_P1M_T2M","3271","1913-09-01","12.8","","5",
"OBS_DEU_P1M_T2M","3271","1913-10-01","8.4","","5",
"OBS_DEU_P1M_T2M","3271","1913-11-01","5.5","","5",
"OBS_DEU_P1M_T2M","3271","1913-12-01","-0.6","","5",
"OBS_DEU_P1M_T2M","3271","1914-01-01","-6.7","","5",
"OBS_DEU_P1M_T2M","3271","1914-02-01","-2.2","","5",
"OBS_DEU_P1M_T2M","3271","1914-03-01","4.7","","5",
"OBS_DEU_P1M_T2M","3271","1914-04-01","10.3","","5",
"OBS_DEU_P1M_T2M","3271","1914-05-01","12","","5",
"OBS_DEU_P1M_T2M","3271","1914-06-01","15","","5",
"OBS_DEU_P1M_T2M","3271","1914-07-01","17.1","","5",
"OBS_DEU_P1M_T2M","3271","1914-08-01","17.6","","5",
"OBS_DEU_P1M_T2M","3271","1914-09-01","12.3","","5",
"OBS_DEU_P1M_T2M","3271","1914-10-01","7.8","","5",
"OBS_DEU_P1M_T2M","3271","1914-11-01","2.9","","5",
"OBS_DEU_P1M_T2M","3271","1914-12-01","0.9","","5",
"OBS_DEU_P1M_T2M","3271","1915-01-01","-1.1","","5",
"OBS_DEU_P1M_T2M","3271","1915-02-01","0","","5",
"OBS_DEU_P1M_T2M","3271","1915-03-01","2.1","","5",
"OBS_DEU_P1M_T2M","3271","1915-04-01","8","","5",
"OBS_DEU_P1M_T2M","3271","1915-05-01","15.4","","5",
"OBS_DEU_P1M_T2M","3271","1915-06-01","19.5","","5",
"OBS_DEU_P1M_T2M","3271","1915-07-01","17.3","","5",
"OBS_DEU_P1M_T2M","3271","1915-08-01","15.4","","5",
"OBS_DEU_P1M_T2M","3271","1915-09-01","11.5","","5",
"OBS_DEU_P1M_T2M","3271","1915-10-01","6.5","","5",
"OBS_DEU_P1M_T2M","3271","1915-11-01","0","","5",
"OBS_DEU_P1M_T2M","3271","1915-12-01","2.5","","5",
"OBS_DEU_P1M_T2M","3271","1916-01-01","2.8","","5",
"OBS_DEU_P1M_T2M","3271","1916-02-01","0.1","","5",
"OBS_DEU_P1M_T2M","3271","1916-03-01","6.3","","5",
"OBS_DEU_P1M_T2M","3271","1916-04-01","9.1","","5",
"OBS_DEU_P1M_T2M","3271","1916-05-01","14.2","","5",
"OBS_DEU_P1M_T2M","3271","1916-06-01","13.9","","5",
"OBS_DEU_P1M_T2M","3271","1916-07-01","17.1","","5",
"OBS_DEU_P1M_T2M","3271","1916-08-01","16.2","","5",
"OBS_DEU_P1M_T2M","3271","1916-09-01","12","","5",
"OBS_DEU_P1M_T2M","3271","1916-10-01","7.7","","5",
"OBS_DEU_P1M_T2M","3271","1916-11-01","3.9","","5",
"OBS_DEU_P1M_T2M","3271","1916-12-01","1","","5",
"OBS_DEU_P1M_T2M","3271","1917-01-01","-2.9","","5",
"OBS_DEU_P1M_T2M","3271","1917-02-01","-5.1","","5",
"OBS_DEU_P1M_T2M","3271","1917-03-01","1","","5",
"OBS_DEU_P1M_T2M","3271","1917-04-01","4.6","","5",
"OBS_DEU_P1M_T2M","3271","1917-05-01","16.4","","5",
"OBS_DEU_P1M_T2M","3271","1917-06-01","18.9","","5",
"OBS_DEU_P1M_T2M","3271","1917-07-01","18.5","","5",
"OBS_DEU_P1M_T2M","3271","1917-08-01","17.2","","5",
"OBS_DEU_P1M_T2M","3271","1917-09-01","14.8","","5",
"OBS_DEU_P1M_T2M","3271","1917-10-01","7.3","","5",
"OBS_DEU_P1M_T2M","3271","1917-11-01","3.5","","5",
"OBS_DEU_P1M_T2M","3271","1917-12-01","-4.7","","5",
"OBS_DEU_P1M_T2M","3271","1918-01-01","-2.2","","5",
"OBS_DEU_P1M_T2M","3271","1918-02-01","0.2","","5",
"OBS_DEU_P1M_T2M","3271","1918-03-01","5","","5",
"OBS_DEU_P1M_T2M","3271","1918-04-01","10.3","","5",
"OBS_DEU_P1M_T2M","3271","1918-05-01","14.7","","5",
"OBS_DEU_P1M_T2M","3271","1918-06-01","13.7","","5",
"OBS_DEU_P1M_T2M","3271","1918-07-01","16.9","","5",
"OBS_DEU_P1M_T2M","3271","1918-08-01","16.3","","5",
"OBS_DEU_P1M_T2M","3271","1918-09-01","13.5","","5",
"OBS_DEU_P1M_T2M","3271","1918-10-01","6.8","","5",
"OBS_DEU_P1M_T2M","3271","1918-11-01","2","","5",
"OBS_DEU_P1M_T2M","3271","1918-12-01","3.1","","5",
"OBS_DEU_P1M_T2M","3271","1919-01-01","1.5","","5",
"OBS_DEU_P1M_T2M","3271","1919-02-01","-2.5","","5",
"OBS_DEU_P1M_T2M","3271","1919-03-01","3.7","","5",
"OBS_DEU_P1M_T2M","3271","1919-04-01","5.8","","5",
"OBS_DEU_P1M_T2M","3271","1919-05-01","11","","5",
"OBS_DEU_P1M_T2M","3271","1919-06-01","15.2","","5",
"OBS_DEU_P1M_T2M","3271","1919-07-01","15","","5",
"OBS_DEU_P1M_T2M","3271","1919-08-01","16.6","","5",
"OBS_DEU_P1M_T2M","3271","1919-09-01","15.2","","5",
"OBS_DEU_P1M_T2M","3271","1919-10-01","6.2","","5",
"OBS_DEU_P1M_T2M","3271","1919-11-01","1.2","","5",
"OBS_DEU_P1M_T2M","3271","1919-12-01","-0.1","","5",
"OBS_DEU_P1M_T2M","3271","1920-01-01","2","","5",
"OBS_DEU_P1M_T2M","3271","1920-02-01","1.5","","5",
"OBS_DEU_P1M_T2M","3271","1920-03-01","5.9","","5",
"OBS_DEU_P1M_T2M","3271","1920-04-01","10.2","","5",
"OBS_DEU_P1M_T2M","3271","1920-05-01","15.2","","5",
"OBS_DEU_P1M_T2M","3271","1920-06-01","15.3","","5",
"OBS_DEU_P1M_T2M","3271","1920-07-01","17.9","","5",
"OBS_DEU_P1M_T2M","3271","1920-08-01","15.5","","5",
"OBS_DEU_P1M_T2M","3271","1920-09-01","13.5","","5",
"OBS_DEU_P1M_T2M","3271","1920-10-01","7.4","","5",
"OBS_DEU_P1M_T2M","3271","1920-11-01","-0.1","","5",
"OBS_DEU_P1M_T2M","3271","1920-12-01","-0.1","","5",
"OBS_DEU_P1M_T2M","3271","1921-01-01","3.5","","5",
"OBS_DEU_P1M_T2M","3271","1921-02-01","0.4","","5",
"OBS_DEU_P1M_T2M","3271","1921-03-01","4.7","","5",
"OBS_DEU_P1M_T2M","3271","1921-04-01","8.2","","5",
"OBS_DEU_P1M_T2M","3271","1921-05-01","15.2","","5",
"OBS_DEU_P1M_T2M","3271","1921-06-01","15.1","","5",
"OBS_DEU_P1M_T2M","3271","1921-07-01","19.9","","5",
"OBS_DEU_P1M_T2M","3271","1921-08-01","18","","5",
"OBS_DEU_P1M_T2M","3271","1921-09-01","13.4","","5",
"OBS_DEU_P1M_T2M","3271","1921-10-01","9.2","","5",
"OBS_DEU_P1M_T2M","3271","1921-11-01","-0.4","","5",
"OBS_DEU_P1M_T2M","3271","1921-12-01","-1.4","","5",
"OBS_DEU_P1M_T2M","3271","1922-01-01","-3.9","","5",
"OBS_DEU_P1M_T2M","3271","1922-02-01","-2.4","","5",
"OBS_DEU_P1M_T2M","3271","1922-03-01","4.4","","5",
"OBS_DEU_P1M_T2M","3271","1922-04-01","6.8","","5",
"OBS_DEU_P1M_T2M","3271","1922-05-01","13.8","","5",
"OBS_DEU_P1M_T2M","3271","1922-06-01","16.7","","5",
"OBS_DEU_P1M_T2M","3271","1922-07-01","16.3","","5",
"OBS_DEU_P1M_T2M","3271","1922-08-01","16.3","","5",
"OBS_DEU_P1M_T2M","3271","1922-09-01","11.5","","5",
"OBS_DEU_P1M_T2M","3271","1922-10-01","5.9","","5",
"OBS_DEU_P1M_T2M","3271","1922-11-01","1","","5",
"OBS_DEU_P1M_T2M","3271","1922-12-01","-0.5","","5",
"OBS_DEU_P1M_T2M","3271","1923-01-01","-0.9","","5",
"OBS_DEU_P1M_T2M","3271","1923-02-01","0.7","","5",
"OBS_DEU_P1M_T2M","3271","1923-03-01","5","","5",
"OBS_DEU_P1M_T2M","3271","1923-04-01","8","","5",
"OBS_DEU_P1M_T2M","3271","1923-05-01","13.3","","5",
"OBS_DEU_P1M_T2M","3271","1923-06-01","12.5","","5",
"OBS_DEU_P1M_T2M","3271","1923-07-01","19","","5",
"OBS_DEU_P1M_T2M","3271","1923-08-01","16.5","","5",
"OBS_DEU_P1M_T2M","3271","1923-09-01","13.3","","5",
"OBS_DEU_P1M_T2M","3271","1923-10-01","10","","5",
"OBS_DEU_P1M_T2M","3271","1923-11-01","2.9","","5",
"OBS_DEU_P1M_T2M","3271","1923-12-01","-2.2","","5",
"OBS_DEU_P1M_T2M","3271","1924-01-01","-6.2","","5",
"OBS_DEU_P1M_T2M","3271","1924-02-01","-4.1","","5",
"OBS_DEU_P1M_T2M","3271","1924-03-01","1.4","","5",
"OBS_DEU_P1M_T2M","3271","1924-04-01","7.2","","5",
"OBS_DEU_P1M_T2M","3271","1924-05-01","14.4","","5",
"OBS_DEU_P1M_T2M","3271","1924-06-01","15.5","","5",
"OBS_DEU_P1M_T2M","3271","1924-07-01","17","","5",
"OBS_DEU_P1M_T2M","3271","1924-08-01","14.9","","5",
"OBS_DEU_P1M_T2M","3271","1924-09-01","13.6","","5",
"OBS_DEU_P1M_T2M","3271","1924-10-01","8.3","","5",
"OBS_DEU_P1M_T2M","3271","1924-11-01","1.6","","5",
"OBS_DEU_P1M_T2M","3271","1924-12-01","-2.2","","5",
"OBS_DEU_P1M_T2M","3271","1925-01-01","-0.9","","5",
"OBS_DEU_P1M_T2M","3271","1925-02-01","2.3","","5",
"OBS_DEU_P1M_T2M","3271","1925-03-01","1","","5",
"OBS_DEU_P1M_T2M","3271","1925-04-01","8.7","","5",
"OBS_DEU_P1M_T2M","3271","1925-05-01","13.5","","5",
"OBS_DEU_P1M_T2M","3271","1925-06-01","15.6","","5",
"OBS_DEU_P1M_T2M","3271","1925-07-01","17.3","","5",
"OBS_DEU_P1M_T2M","3271","1925-08-01","16.3","","5",
"OBS_DEU_P1M_T2M","3271","1925-09-01","11.2","","5",
"OBS_DEU_P1M_T2M","3271","1925-10-01","7.7","","5",
"OBS_DEU_P1M_T2M","3271","1925-11-01","1.9","","5",
"OBS_DEU_P1M_T2M","3271","1925-12-01","-3","","5",
"OBS_DEU_P1M_T2M","3271","1926-01-01","-1.8","","5",
"OBS_DEU_P1M_T2M","3271","1926-02-01","3","","5",
"OBS_DEU_P1M_T2M","3271","1926-03-01","3.7","","5",
"OBS_DEU_P1M_T2M","3271","1926-04-01","9.9","","5",
"OBS_DEU_P1M_T2M","3271","1926-05-01","12.1","","5",
"OBS_DEU_P1M_T2M","3271","1926-06-01","13.9","","5",
"OBS_DEU_P1M_T2M","3271","1926-07-01","17.1","","5",
"OBS_DEU_P1M_T2M","3271","1926-08-01","15.5","","5",
"OBS_DEU_P1M_T2M","3271","1926-09-01","14.1","","5",
"OBS_DEU_P1M_T2M","3271","1926-10-01","8.1","","5",
"OBS_DEU_P1M_T2M","3271","1926-11-01","5.5","","5",
"OBS_DEU_P1M_T2M","3271","1926-12-01","-0.9","","5",
"OBS_DEU_P1M_T2M","3271","1927-01-01","0","","5",
"OBS_DEU_P1M_T2M","3271","1927-02-01","-0.8","","5",
"OBS_DEU_P1M_T2M","3271","1927-03-01","5.1","","5",
"OBS_DEU_P1M_T2M","3271","1927-04-01","7.9","","5",
"OBS_DEU_P1M_T2M","3271","1927-05-01","12.4","","5",
"OBS_DEU_P1M_T2M","3271","1927-06-01","15.9","","5",
"OBS_DEU_P1M_T2M","3271","1927-07-01","17.7","","5",
"OBS_DEU_P1M_T2M","3271","1927-08-01","17","","5",
"OBS_DEU_P1M_T2M","3271","1927-09-01","13.9","","5",
"OBS_DEU_P1M_T2M","3271","1927-10-01","7","","5",
"OBS_DEU_P1M_T2M","3271","1927-11-01","3.2","","5",
"OBS_DEU_P1M_T2M","3271","1927-12-01","-3","","5",
"OBS_DEU_P1M_T2M","3271","1928-01-01","0.2","","5",
"OBS_DEU_P1M_T2M","3271","1928-02-01","1.1","","5",
"OBS_DEU_P1M_T2M","3271","1928-03-01","4","","5",
"OBS_DEU_P1M_T2M","3271","1928-04-01","8.6","","5",
"OBS_DEU_P1M_T2M","3271","1928-05-01","10.8","","5",
"OBS_DEU_P1M_T2M","3271","1928-06-01","15.3","","5",
"OBS_DEU_P1M_T2M","3271","1928-07-01","19.7","","5",
"OBS_DEU_P1M_T2M","3271","1928-08-01","17.2","","5",
"OBS_DEU_P1M_T2M","3271","1928-09-01","13.5","","5",
"OBS_DEU_P1M_T2M","3271","1928-10-01","7.6","","5",
"OBS_DEU_P1M_T2M","3271","1928-11-01","5.6","","5",
"OBS_DEU_P1M_T2M","3271","1928-12-01","-1.5","","5",
"OBS_DEU_P1M_T2M","3271","1929-01-01","-8","","5",
"OBS_DEU_P1M_T2M","3271","1929-02-01","-11.7","","5",
"OBS_DEU_P1M_T2M","3271","1929-03-01","0.3","","5",
"OBS_DEU_P1M_T2M","3271","1929-04-01","5","","5",
"OBS_DEU_P1M_T2M","3271","1929-05-01","14.2","","5",
"OBS_DEU_P1M_T2M","3271","1929-06-01","15.6","","5",
"OBS_DEU_P1M_T2M","3271","1929-07-01","18.6","","5",
"OBS_DEU_P1M_T2M","3271","1929-08-01","17.8","","5",
"OBS_DEU_P1M_T2M","3271","1929-09-01","14.9","","5",
"OBS_DEU_P1M_T2M","3271","1929-10-01","9.1","","5",
"OBS_DEU_P1M_T2M","3271","1929-11-01","3.5","","5",
"OBS_DEU_P1M_T2M","3271","1929-12-01","2.6","","5",
"OBS_DEU_P1M_T2M","3271","1930-01-01","-1","","5",
"OBS_DEU_P1M_T2M","3271","1930-02-01","-1.1","","5",
"OBS_DEU_P1M_T2M","3271","1930-03-01","4.5","","5",
"OBS_DEU_P1M_T2M","3271","1930-04-01","9","","5",
"OBS_DEU_P1M_T2M","3271","1930-05-01","12.4","","5",
"OBS_DEU_P1M_T2M","3271","1930-06-01","19.6","","5",
"OBS_DEU_P1M_T2M","3271","1930-07-01","17.3","","5",
"OBS_DEU_P1M_T2M","3271","1930-08-01","16","","5",
"OBS_DEU_P1M_T2M","3271","1930-09-01","13.7","","5",
"OBS_DEU_P1M_T2M","3271","1930-10-01","7.8","","5",
"OBS_DEU_P1M_T2M","3271","1930-11-01","5.3","","5",
"OBS_DEU_P1M_T2M","3271","1930-12-01","-0.7","","5",
"OBS_DEU_P1M_T2M","3271","1931-01-01","-1.3","","5",
"OBS_DEU_P1M_T2M","3271","1931-02-01","-2.1","","5",
"OBS_DEU_P1M_T2M","3271","1931-03-01","-1","","5",
"OBS_DEU_P1M_T2M","3271","1931-04-01","5.8","","5",
"OBS_DEU_P1M_T2M","3271","1931-05-01","16","","5",
"OBS_DEU_P1M_T2M","3271","1931-06-01","17.7","","5",
"OBS_DEU_P1M_T2M","3271","1931-07-01","17","","5",
"OBS_DEU_P1M_T2M","3271","1931-08-01","15.9","","5",
"OBS_DEU_P1M_T2M","3271","1931-09-01","9.3","","5",
"OBS_DEU_P1M_T2M","3271","1931-10-01","6.2","","5",
"OBS_DEU_P1M_T2M","3271","1931-11-01","2.8","","5",
"OBS_DEU_P1M_T2M","3271","1931-12-01","-2.4","","5",
"OBS_DEU_P1M_T2M","3271","1932-01-01","-1.2","","5",
"OBS_DEU_P1M_T2M","3271","1932-02-01","-3.4","","5",
"OBS_DEU_P1M_T2M","3271","1932-03-01","0.7","","5",
"OBS_DEU_P1M_T2M","3271","1932-04-01","7.5","","5",
"OBS_DEU_P1M_T2M","3271","1932-05-01","13.3","","5",
"OBS_DEU_P1M_T2M","3271","1932-06-01","15.1","","5",
"OBS_DEU_P1M_T2M","3271","1932-07-01","18.4","","5",
"OBS_DEU_P1M_T2M","3271","1932-08-01","19.1","","5",
"OBS_DEU_P1M_T2M","3271","1932-09-01","16.2","","5",
"OBS_DEU_P1M_T2M","3271","1932-10-01","8.5","","5",
"OBS_DEU_P1M_T2M","3271","1932-11-01","3.1","","5",
"OBS_DEU_P1M_T2M","3271","1932-12-01","-1.6","","5",
"OBS_DEU_P1M_T2M","3271","1933-01-01","-5.3","","5",
"OBS_DEU_P1M_T2M","3271","1933-02-01","-1","","5",
"OBS_DEU_P1M_T2M","3271","1933-03-01","3.7","","5",
"OBS_DEU_P1M_T2M","3271","1933-04-01","6.7","","5",
"OBS_DEU_P1M_T2M","3271","1933-05-01","11.7","","5",
"OBS_DEU_P1M_T2M","3271","1933-06-01","13.9","","5",
"OBS_DEU_P1M_T2M","3271","1933-07-01","17.9","","5",
"OBS_DEU_P1M_T2M","3271","1933-08-01","16.8","","5",
"OBS_DEU_P1M_T2M","3271","1933-09-01","13.3","","5",
"OBS_DEU_P1M_T2M","3271","1933-10-01","8.6","","5",
"OBS_DEU_P1M_T2M","3271","1933-11-01","2.1","","5",
"OBS_DEU_P1M_T2M","3271","1933-12-01","-5.2","","5",
"OBS_DEU_P1M_T2M","3271","1934-01-01","-1.5","","5",
"OBS_DEU_P1M_T2M","3271","1934-02-01","-1.6","","5",
"OBS_DEU_P1M_T2M","3271","1934-03-01","4.8","","5",
"OBS_DEU_P1M_T2M","3271","1934-04-01","10.9","","5",
"OBS_DEU_P1M_T2M","3271","1934-05-01","14.6","","5",
"OBS_DEU_P1M_T2M","3271","1934-06-01","16.1","","5",
"OBS_DEU_P1M_T2M","3271","1934-07-01","18.6","","5",
"OBS_DEU_P1M_T2M","3271","1934-08-01","17","","5",
"OBS_DEU_P1M_T2M","3271","1934-09-01","15.4","","5",
"OBS_DEU_P1M_T2M","3271","1934-10-01","8.4","","5",
"OBS_DEU_P1M_T2M","3271","1934-11-01","3","","5",
"OBS_DEU_P1M_T2M","3271","1934-12-01","4","","5",
"OBS_DEU_P1M_T2M","3271","1935-01-01","-3.2","","5",
"OBS_DEU_P1M_T2M","3271","1935-02-01","-0.2","","5",
"OBS_DEU_P1M_T2M","3271","1935-03-01","2.5","","5",
"OBS_DEU_P1M_T2M","3271","1935-04-01","7.2","","5",
"OBS_DEU_P1M_T2M","3271","1935-05-01","11.7","","5",
"OBS_DEU_P1M_T2M","3271","1935-06-01","18.1","","5",
"OBS_DEU_P1M_T2M","3271","1935-07-01","17.5","","5",
"OBS_DEU_P1M_T2M","3271","1935-08-01","17.2","","5",
"OBS_DEU_P1M_T2M","3271","1935-09-01","13.2","","5",
"OBS_DEU_P1M_T2M","3271","1935-10-01","8.8","","5",
"OBS_DEU_P1M_T2M","3271","1935-11-01","4.1","","5",
"OBS_DEU_P1M_T2M","3271","1935-12-01","-1.6","","5",
"OBS_DEU_P1M_T2M","3271","1936-01-01","0.6","","5",
"OBS_DEU_P1M_T2M","3271","1936-02-01","-0.2","","5",
"OBS_DEU_P1M_T2M","3271","1936-03-01","5.2","","5",
"OBS_DEU_P1M_T2M","3271","1936-04-01","8.3","","5",
"OBS_DEU_P1M_T2M","3271","1936-05-01","13.3","","5",
"OBS_DEU_P1M_T2M","3271","1936-06-01","15.6","","5",
"OBS_DEU_P1M_T2M","3271","1936-07-01","17.1","","5",
"OBS_DEU_P1M_T2M","3271","1936-08-01","15.4","","5",
"OBS_DEU_P1M_T2M","3271","1936-09-01","13","","5",
"OBS_DEU_P1M_T2M","3271","1936-10-01","5.9","","5",
"OBS_DEU_P1M_T2M","3271","1936-11-01","2.5","","5",
"OBS_DEU_P1M_T2M","3271","1936-12-01","-0.9","","5",
"OBS_DEU_P1M_T2M","3271","1937-01-01","-3.1","","5",
"OBS_DEU_P1M_T2M","3271","1937-02-01","0.7","","5",
"OBS_DEU_P1M_T2M","3271","1937-03-01","4.1","","5",
"OBS_DEU_P1M_T2M","3271","1937-04-01","8.1","","5",
"OBS_DEU_P1M_T2M","3271","1937-05-01","14.9","","5",
"OBS_DEU_P1M_T2M","3271","1937-06-01","17","","5",
"OBS_DEU_P1M_T2M","3271","1937-07-01","16.9","","5",
"OBS_DEU_P1M_T2M","3271","1937-08-01","16.6","","5",
"OBS_DEU_P1M_T2M","3271","1937-09-01","13.4","","5",
"OBS_DEU_P1M_T2M","3271","1937-10-01","8.3","","5",
"OBS_DEU_P1M_T2M","3271","1937-11-01","3","","5",
"OBS_DEU_P1M_T2M","3271","1937-12-01","-1.3","","5",
"OBS_DEU_P1M_T2M","3271","1938-01-01","-0.5","","5",
"OBS_DEU_P1M_T2M","3271","1938-02-01","-0.5","","5",
"OBS_DEU_P1M_T2M","3271","1938-03-01","5","","5",
"OBS_DEU_P1M_T2M","3271","1938-04-01","4.5","","5",
"OBS_DEU_P1M_T2M","3271","1938-05-01","10.8","","5",
"OBS_DEU_P1M_T2M","3271","1938-06-01","16.3","","5",
"OBS_DEU_P1M_T2M","3271","1938-07-01","16.9","","5",
"OBS_DEU_P1M_T2M","3271","1938-08-01","16.9","","5",
"OBS_DEU_P1M_T2M","3271","1938-09-01","12.6","","5",
"OBS_DEU_P1M_T2M","3271","1938-10-01","7.8","","5",
"OBS_DEU_P1M_T2M","3271","1938-11-01","4.8","","5",
"OBS_DEU_P1M_T2M","3271","1938-12-01","-3.3","","5",
"OBS_DEU_P1M_T2M","3271","1939-01-01","-0.5","","5",
"OBS_DEU_P1M_T2M","3271","1939-02-01","-3","","5",
"OBS_DEU_P1M_T2M","3271","1939-03-01","0.7","","5",
"OBS_DEU_P1M_T2M","3271","1939-04-01","9.9","","5",
"OBS_DEU_P1M_T2M","3271","1939-05-01","11.2","","5",
"OBS_DEU_P1M_T2M","3271","1939-06-01","16.2","","5",
"OBS_DEU_P1M_T2M","3271","1939-07-01","16.4","","5",
"OBS_DEU_P1M_T2M","3271","1939-08-01","17.3","","5",
"OBS_DEU_P1M_T2M","3271","1939-09-01","12.2","","5",
"OBS_DEU_P1M_T2M","3271","1939-10-01","7","","5",
"OBS_DEU_P1M_T2M","3271","1939-11-01","4.1","","5",
"OBS_DEU_P1M_T2M","3271","1939-12-01","-4","","5",
"OBS_DEU_P1M_T2M","3271","1940-01-01","-11.1","","5",
"OBS_DEU_P1M_T2M","3271","1940-02-01","-5.4","","5",
"OBS_DEU_P1M_T2M","3271","1940-03-01","1.8","","5",
"OBS_DEU_P1M_T2M","3271","1940-04-01","8","","5",
"OBS_DEU_P1M_T2M","3271","1940-05-01","12.1","","5",
"OBS_DEU_P1M_T2M","3271","1940-06-01","16.3","","5",
"OBS_DEU_P1M_T2M","3271","1940-07-01","16.1","","5",
"OBS_DEU_P1M_T2M","3271","1940-08-01","14.3","","5",
"OBS_DEU_P1M_T2M","3271","1940-09-01","12.9","","5",
"OBS_DEU_P1M_T2M","3271","1940-10-01","8.1","","5",
"OBS_DEU_P1M_T2M","3271","1940-11-01","3.7","","5",
"OBS_DEU_P1M_T2M","3271","1940-12-01","-5.6","","5",
"OBS_DEU_P1M_T2M","3271","1941-01-01","-6.56","4","5",
"OBS_DEU_P1M_T2M","3271","1941-02-01","-1.21","4","5",
"OBS_DEU_P1M_T2M","3271","1941-03-01","2.73","4","5",
"OBS_DEU_P1M_T2M","3271","1941-04-01","6.08","4","5",
"OBS_DEU_P1M_T2M","3271","1941-05-01","9.48","4","5",
"OBS_DEU_P1M_T2M","3271","1941-06-01","15.85","4","5",
"OBS_DEU_P1M_T2M","3271","1941-07-01","17.82","4","5",
"OBS_DEU_P1M_T2M","3271","1941-08-01","15.06","4","5",
"OBS_DEU_P1M_T2M","3271","1941-09-01","10.95","4","5",
"OBS_DEU_P1M_T2M","3271","1941-10-01","7.52","4","5",
"OBS_DEU_P1M_T2M","3271","1941-11-01","0.95","4","5",
"OBS_DEU_P1M_T2M","3271","1941-12-01","-1.19","4","5",
"OBS_DEU_P1M_T2M","3271","1942-01-01","-10.71","4","5",
"OBS_DEU_P1M_T2M","3271","1942-02-01","-6.7","4","5",
"OBS_DEU_P1M_T2M","3271","1942-03-01","1.34","4","5",
"OBS_DEU_P1M_T2M","3271","1942-04-01","7.53","4","5",
"OBS_DEU_P1M_T2M","3271","1942-05-01","12.08","4","5",
"OBS_DEU_P1M_T2M","3271","1942-06-01","15.3","4","5",
"OBS_DEU_P1M_T2M","3271","1942-07-01","16.48","4","5",
"OBS_DEU_P1M_T2M","3271","1942-08-01","16.73","4","5",
"OBS_DEU_P1M_T2M","3271","1942-09-01","15.31","4","5",
"OBS_DEU_P1M_T2M","3271","1942-10-01","10.57","4","5",
"OBS_DEU_P1M_T2M","3271","1942-11-01","1.9","4","5",
"OBS_DEU_P1M_T2M","3271","1942-12-01","-0.74","4","5",
"OBS_DEU_P1M_T2M","3271","1943-01-01","-4.54","4","5",
"OBS_DEU_P1M_T2M","3271","1943-02-01","0.6","4","5",
"OBS_DEU_P1M_T2M","3271","1943-03-01","5.78","4","5",
"OBS_DEU_P1M_T2M","3271","1943-04-01","8.18","4","5",
"OBS_DEU_P1M_T2M","3271","1943-05-01","12.56","4","5",
"OBS_DEU_P1M_T2M","3271","1943-06-01","14.18","4","5",
"OBS_DEU_P1M_T2M","3271","1943-07-01","16.87","4","5",
"OBS_DEU_P1M_T2M","3271","1943-08-01","17.54","4","5",
"OBS_DEU_P1M_T2M","3271","1943-09-01","13.95","4","5",
"OBS_DEU_P1M_T2M","3271","1943-10-01","9.19","4","5",
"OBS_DEU_P1M_T2M","3271","1943-11-01","1.73","4","5",
"OBS_DEU_P1M_T2M","3271","1943-12-01","-0.73","4","5",
"OBS_DEU_P1M_T2M","3271","1944-01-01","1.11","4","5",
"OBS_DEU_P1M_T2M","3271","1944-02-01","-2.99","4","5",
"OBS_DEU_P1M_T2M","3271","1944-03-01","-0.09","4","5",
"OBS_DEU_P1M_T2M","3271","1944-04-01","7.9","4","5",
"OBS_DEU_P1M_T2M","3271","1944-05-01","11.64","4","5",
"OBS_DEU_P1M_T2M","3271","1944-06-01","14.63","4","5",
"OBS_DEU_P1M_T2M","3271","1944-07-01","16.96","4","5",
"OBS_DEU_P1M_T2M","3271","1944-08-01","18.93","4","5",
"OBS_DEU_P1M_T2M","3271","1944-09-01","12.61","4","5",
"OBS_DEU_P1M_T2M","3271","1944-10-01","8.42","4","5",
"OBS_DEU_P1M_T2M","3271","1944-11-01","3.09","4","5",
"OBS_DEU_P1M_T2M","3271","1944-12-01","-1.72","4","5",
"OBS_DEU_P1M_T2M","3271","1945-01-01","-6.77","4","5",
"OBS_DEU_P1M_T2M","3271","1945-02-01","1.69","4","5",
"OBS_DEU_P1M_T2M","3271","1945-03-01","4.93","4","5",
"OBS_DEU_P1M_T2M","3271","1945-04-01","8.25","4","5",
"OBS_DEU_P1M_T2M","3271","1945-05-01","14.03","4","5",
"OBS_DEU_P1M_T2M","3271","1945-06-01","16.94","4","5",
"OBS_DEU_P1M_T2M","3271","1945-07-01","17.85","4","5",
"OBS_DEU_P1M_T2M","3271","1945-08-01","16.22","4","5",
"OBS_DEU_P1M_T2M","3271","1945-09-01","13.17","4","5",
"OBS_DEU_P1M_T2M","3271","1945-10-01","8.06","4","5",
"OBS_DEU_P1M_T2M","3271","1945-11-01","2.21","4","5",
"OBS_DEU_P1M_T2M","3271","1945-12-01","-0.26","4","5",
"OBS_DEU_P1M_T2M","3271","1946-01-01","-2.65","4","5",
"OBS_DEU_P1M_T2M","3271","1946-02-01","1.69","4","5",
"OBS_DEU_P1M_T2M","3271","1946-03-01","4.39","4","5",
"OBS_DEU_P1M_T2M","3271","1946-04-01","9.7","4","5",
"OBS_DEU_P1M_T2M","3271","1946-05-01","15.26","4","5",
"OBS_DEU_P1M_T2M","3271","1946-06-01","15.55","4","5",
"OBS_DEU_P1M_T2M","3271","1946-07-01","18.53","4","5",
"OBS_DEU_P1M_T2M","3271","1946-08-01","16.21","4","5",
"OBS_DEU_P1M_T2M","3271","1946-09-01","13.73","4","5",
"OBS_DEU_P1M_T2M","3271","1946-10-01","5.86","4","5",
"OBS_DEU_P1M_T2M","3271","1946-11-01","2.01","4","5",
"OBS_DEU_P1M_T2M","3271","1946-12-01","-2.87","4","5",
"OBS_DEU_P1M_T2M","3271","1947-01-01","-7","4","5",
"OBS_DEU_P1M_T2M","3271","1947-02-01","-6.29","4","5",
"OBS_DEU_P1M_T2M","3271","1947-03-01","2.82","4","5",
"OBS_DEU_P1M_T2M","3271","1947-04-01","9.07","4","5",
"OBS_DEU_P1M_T2M","3271","1947-05-01","15.46","4","5",
"OBS_DEU_P1M_T2M","3271","1947-06-01","17.44","4","5",
"OBS_DEU_P1M_T2M","3271","1947-07-01","18.9","4","5",
"OBS_DEU_P1M_T2M","3271","1947-08-01","18.12","4","5",
"OBS_DEU_P1M_T2M","3271","1947-09-01","15.78","4","5",
"OBS_DEU_P1M_T2M","3271","1947-10-01","6.06","4","5",
"OBS_DEU_P1M_T2M","3271","1947-11-01","4.6","4","5",
"OBS_DEU_P1M_T2M","3271","1947-12-01","0.2","4","5",
"OBS_DEU_P1M_T2M","3271","1948-01-01","2.28","4","5",
"OBS_DEU_P1M_T2M","3271","1948-02-01","0.55","4","5",
"OBS_DEU_P1M_T2M","3271","1948-03-01","4.49","4","5",
"OBS_DEU_P1M_T2M","3271","1948-04-01","10.37","4","5",
"OBS_DEU_P1M_T2M","3271","1948-05-01","14.77","4","5",
"OBS_DEU_P1M_T2M","3271","1948-06-01","15.07","4","5",
"OBS_DEU_P1M_T2M","3271","1948-07-01","15.79","4","5",
"OBS_DEU_P1M_T2M","3271","1948-08-01","16.38","4","5",
"OBS_DEU_P1M_T2M","3271","1948-09-01","12.62","4","5",
"OBS_DEU_P1M_T2M","3271","1948-10-01","7.59","4","5",
"OBS_DEU_P1M_T2M","3271","1948-11-01","2.24","4","5",
"OBS_DEU_P1M_T2M","3271","1948-12-01","-2.57","4","5",
"OBS_DEU_P1M_T2M","3271","1949-01-01","-1.12","4","5",
"OBS_DEU_P1M_T2M","3271","1949-02-01","-1.23","4","5",
"OBS_DEU_P1M_T2M","3271","1949-03-01","2.03","4","5",
"OBS_DEU_P1M_T2M","3271","1949-04-01","10.02","4","5",
"OBS_DEU_P1M_T2M","3271","1949-05-01","12.95","4","5",
"OBS_DEU_P1M_T2M","3271","1949-06-01","14.12","4","5",
"OBS_DEU_P1M_T2M","3271","1949-07-01","17.02","4","5",
"OBS_DEU_P1M_T2M","3271","1949-08-01","16.47","4","5",
"OBS_DEU_P1M_T2M","3271","1949-09-01","15.06","4","5",
"OBS_DEU_P1M_T2M","3271","1949-10-01","9.14","4","5",
"OBS_DEU_P1M_T2M","3271","1949-11-01","3.3","4","5",
"OBS_DEU_P1M_T2M","3271","1949-12-01","1.86","4","5",
"OBS_DEU_P1M_T2M","3271","1950-01-01","-2.89","4","5",
"OBS_DEU_P1M_T2M","3271","1950-02-01","0.67","4","5",
"OBS_DEU_P1M_T2M","3271","1950-03-01","4.17","4","5",
"OBS_DEU_P1M_T2M","3271","1950-04-01","7.67","4","5",
"OBS_DEU_P1M_T2M","3271","1950-05-01","14.55","4","5",
"OBS_DEU_P1M_T2M","3271","1950-06-01","17.68","4","5",
"OBS_DEU_P1M_T2M","3271","1950-07-01","19.07","4","5",
"OBS_DEU_P1M_T2M","3271","1950-08-01","17.27","4","5",
"OBS_DEU_P1M_T2M","3271","1950-09-01","12.85","4","5",
"OBS_DEU_P1M_T2M","3271","1950-10-01","6.29","4","5",
"OBS_DEU_P1M_T2M","3271","1950-11-01","3.22","4","5",
"OBS_DEU_P1M_T2M","3271","1950-12-01","-2.82","4","5",
"OBS_DEU_P1M_T2M","3271","1951-01-01","-1.66","4","5",
"OBS_DEU_P1M_T2M","3271","1951-02-01","1.04","4","5",
"OBS_DEU_P1M_T2M","3271","1951-03-01","2.69","4","5",
"OBS_DEU_P1M_T2M","3271","1951-04-01","7.93","4","5",
"OBS_DEU_P1M_T2M","3271","1951-05-01","12.64","4","5",
"OBS_DEU_P1M_T2M","3271","1951-06-01","15.61","4","5",
"OBS_DEU_P1M_T2M","3271","1951-07-01","17.29","4","5",
"OBS_DEU_P1M_T2M","3271","1951-08-01","17.39","4","5",
"OBS_DEU_P1M_T2M","3271","1951-09-01","14.36","4","5",
"OBS_DEU_P1M_T2M","3271","1951-10-01","7.57","4","5",
"OBS_DEU_P1M_T2M","3271","1951-11-01","4.84","4","5",
"OBS_DEU_P1M_T2M","3271","1951-12-01","-0.12","4","5",
"OBS_DEU_P1M_T2M","3271","1952-01-01","-1.91","4","5",
"OBS_DEU_P1M_T2M","3271","1952-02-01","-1.43","4","5",
"OBS_DEU_P1M_T2M","3271","1952-03-01","2.24","4","5",
"OBS_DEU_P1M_T2M","3271","1952-04-01","10.18","4","5",
"OBS_DEU_P1M_T2M","3271","1952-05-01","12.3","4","5",
"OBS_DEU_P1M_T2M","3271","1952-06-01","15.74","4","5",
"OBS_DEU_P1M_T2M","3271","1952-07-01","19.27","4","5",
"OBS_DEU_P1M_T2M","3271","1952-08-01","18.42","4","5",
"OBS_DEU_P1M_T2M","3271","1952-09-01","10.42","4","5",
"OBS_DEU_P1M_T2M","3271","1952-10-01","6.72","4","5",
"OBS_DEU_P1M_T2M","3271","1952-11-01","1.15","4","5",
"OBS_DEU_P1M_T2M","3271","1952-12-01","-1.87","4","5",
"OBS_DEU_P1M_T2M","3271","1953-01-01","-2.55","4","5",
"OBS_DEU_P1M_T2M","3271","1953-02-01","-1.65","4","5",
"OBS_DEU_P1M_T2M","3271","1953-03-01","3.87","4","5",
"OBS_DEU_P1M_T2M","3271","1953-04-01","9.43","4","5",
"OBS_DEU_P1M_T2M","3271","1953-05-01","13.03","4","5",
"OBS_DEU_P1M_T2M","3271","1953-06-01","16.01","4","5",
"OBS_DEU_P1M_T2M","3271","1953-07-01","17.72","4","5",
"OBS_DEU_P1M_T2M","3271","1953-08-01","15.34","4","5",
"OBS_DEU_P1M_T2M","3271","1953-09-01","13.54","4","5",
"OBS_DEU_P1M_T2M","3271","1953-10-01","9.55","4","5",
"OBS_DEU_P1M_T2M","3271","1953-11-01","1.33","4","5",
"OBS_DEU_P1M_T2M","3271","1953-12-01","-0.13","4","5",
"OBS_DEU_P1M_T2M","3271","1954-01-01","-4.94","4","5",
"OBS_DEU_P1M_T2M","3271","1954-02-01","-4.57","4","5",
"OBS_DEU_P1M_T2M","3271","1954-03-01","4.38","4","5",
"OBS_DEU_P1M_T2M","3271","1954-04-01","6.45","4","5",
"OBS_DEU_P1M_T2M","3271","1954-05-01","11.56","4","5",
"OBS_DEU_P1M_T2M","3271","1954-06-01","16.5","4","5",
"OBS_DEU_P1M_T2M","3271","1954-07-01","14.6","4","5",
"OBS_DEU_P1M_T2M","3271","1954-08-01","15.74","4","5",
"OBS_DEU_P1M_T2M","3271","1954-09-01","13.72","4","5",
"OBS_DEU_P1M_T2M","3271","1954-10-01","8.1","4","5",
"OBS_DEU_P1M_T2M","3271","1954-11-01","2.21","4","5",
"OBS_DEU_P1M_T2M","3271","1954-12-01","1.74","4","5",
"OBS_DEU_P1M_T2M","3271","1955-01-01","-2.83","4","5",
"OBS_DEU_P1M_T2M","3271","1955-02-01","-2.24","4","5",
"OBS_DEU_P1M_T2M","3271","1955-03-01","-0.15","4","5",
"OBS_DEU_P1M_T2M","3271","1955-04-01","6.3","4","5",
"OBS_DEU_P1M_T2M","3271","1955-05-01","10.68","4","5",
"OBS_DEU_P1M_T2M","3271","1955-06-01","15.05","4","5",
"OBS_DEU_P1M_T2M","3271","1955-07-01","17.29","4","5",
"OBS_DEU_P1M_T2M","3271","1955-08-01","15.95","4","5",
"OBS_DEU_P1M_T2M","3271","1955-09-01","12.66","4","5",
"OBS_DEU_P1M_T2M","3271","1955-10-01","7.08","4","5",
"OBS_DEU_P1M_T2M","3271","1955-11-01","2.27","4","5",
"OBS_DEU_P1M_T2M","3271","1955-12-01","0.91","4","5",
"OBS_DEU_P1M_T2M","3271","1956-01-01","-1.36","4","5",
"OBS_DEU_P1M_T2M","3271","1956-02-01","-12.54","4","5",
"OBS_DEU_P1M_T2M","3271","1956-03-01","2.4","4","5",
"OBS_DEU_P1M_T2M","3271","1956-04-01","6.19","4","5",
"OBS_DEU_P1M_T2M","3271","1956-05-01","12","4","5",
"OBS_DEU_P1M_T2M","3271","1956-06-01","13.78","4","5",
"OBS_DEU_P1M_T2M","3271","1956-07-01","17.01","4","5",
"OBS_DEU_P1M_T2M","3271","1956-08-01","15.23","4","5",
"OBS_DEU_P1M_T2M","3271","1956-09-01","13.44","4","5",
"OBS_DEU_P1M_T2M","3271","1956-10-01","7.44","4","5",
"OBS_DEU_P1M_T2M","3271","1956-11-01","1.79","4","5",
"OBS_DEU_P1M_T2M","3271","1956-12-01","-0.75","4","5",
"OBS_DEU_P1M_T2M","3271","1957-01-01","-3.71","4","5",
"OBS_DEU_P1M_T2M","3271","1957-02-01","2.49","4","5",
"OBS_DEU_P1M_T2M","3271","1957-03-01","5.77","4","5",
"OBS_DEU_P1M_T2M","3271","1957-04-01","8.05","4","5",
"OBS_DEU_P1M_T2M","3271","1957-05-01","9.95","4","5",
"OBS_DEU_P1M_T2M","3271","1957-06-01","17.41","4","5",
"OBS_DEU_P1M_T2M","3271","1957-07-01","17.77","4","5",
"OBS_DEU_P1M_T2M","3271","1957-08-01","14.98","4","5",
"OBS_DEU_P1M_T2M","3271","1957-09-01","11.61","4","5",
"OBS_DEU_P1M_T2M","3271","1957-10-01","7.09","4","5",
"OBS_DEU_P1M_T2M","3271","1957-11-01","3.63","4","5",
"OBS_DEU_P1M_T2M","3271","1957-12-01","-0.23","4","5",
"OBS_DEU_P1M_T2M","3271","1958-01-01","-3.19","4","5",
"OBS_DEU_P1M_T2M","3271","1958-02-01","-0.24","4","5",
"OBS_DEU_P1M_T2M","3271","1958-03-01","-1.14","4","5",
"OBS_DEU_P1M_T2M","3271","1958-04-01","5.99","4","5",
"OBS_DEU_P1M_T2M","3271","1958-05-01","14.94","4","5",
"OBS_DEU_P1M_T2M","3271","1958-06-01","15.06","4","5",
"OBS_DEU_P1M_T2M","3271","1958-07-01","16.98","4","5",
"OBS_DEU_P1M_T2M","3271","1958-08-01","16.95","4","5",
"OBS_DEU_P1M_T2M","3271","1958-09-01","13.65","4","5",
"OBS_DEU_P1M_T2M","3271","1958-10-01","8.21","4","5",
"OBS_DEU_P1M_T2M","3271","1958-11-01","4.51","4","5",
"OBS_DEU_P1M_T2M","3271","1958-12-01","-0.06","4","5",
"OBS_DEU_P1M_T2M","3271","1959-01-01","-2.11","4","5",
"OBS_DEU_P1M_T2M","3271","1959-02-01","-3.71","4","5",
"OBS_DEU_P1M_T2M","3271","1959-03-01","5.55","4","5",
"OBS_DEU_P1M_T2M","3271","1959-04-01","9.55","4","5",
"OBS_DEU_P1M_T2M","3271","1959-05-01","13.38","4","5",
"OBS_DEU_P1M_T2M","3271","1959-06-01","16.09","4","5",
"OBS_DEU_P1M_T2M","3271","1959-07-01","18.61","4","5",
"OBS_DEU_P1M_T2M","3271","1959-08-01","16.48","4","5",
"OBS_DEU_P1M_T2M","3271","1959-09-01","12.75","4","5",
"OBS_DEU_P1M_T2M","3271","1959-10-01","6.68","4","5",
"OBS_DEU_P1M_T2M","3271","1959-11-01","2.25","4","5",
"OBS_DEU_P1M_T2M","3271","1959-12-01","1.11","4","5",
"OBS_DEU_P1M_T2M","3271","1960-01-01","-2.17","4","5",
"OBS_DEU_P1M_T2M","3271","1960-02-01","-1.42","4","5",
"OBS_DEU_P1M_T2M","3271","1960-03-01","4.66","4","5",
"OBS_DEU_P1M_T2M","3271","1960-04-01","8.23","4","5",
"OBS_DEU_P1M_T2M","3271","1960-05-01","13.06","4","5",
"OBS_DEU_P1M_T2M","3271","1960-06-01","16.38","4","5",
"OBS_DEU_P1M_T2M","3271","1960-07-01","15.47","4","5",
"OBS_DEU_P1M_T2M","3271","1960-08-01","16.16","4","5",
"OBS_DEU_P1M_T2M","3271","1960-09-01","12.39","4","5",
"OBS_DEU_P1M_T2M","3271","1960-10-01","8.54","4","5",
"OBS_DEU_P1M_T2M","3271","1960-11-01","4.98","4","5",
"OBS_DEU_P1M_T2M","3271","1960-12-01","-0.06","4","5",
"OBS_DEU_P1M_T2M","3271","1961-01-01","-3.1","4","5",
"OBS_DEU_P1M_T2M","3271","1961-02-01","2.01","4","5",
"OBS_DEU_P1M_T2M","3271","1961-03-01","4.91","4","5",
"OBS_DEU_P1M_T2M","3271","1961-04-01","11.48","4","5",
"OBS_DEU_P1M_T2M","3271","1961-05-01","10.88","4","5",
"OBS_DEU_P1M_T2M","3271","1961-06-01","16.15","4","5",
"OBS_DEU_P1M_T2M","3271","1961-07-01","15.55","4","5",
"OBS_DEU_P1M_T2M","3271","1961-08-01","15.92","4","5",
"OBS_DEU_P1M_T2M","3271","1961-09-01","15.22","4","5",
"OBS_DEU_P1M_T2M","3271","1961-10-01","9.05","4","5",
"OBS_DEU_P1M_T2M","3271","1961-11-01","2.63","4","5",
"OBS_DEU_P1M_T2M","3271","1961-12-01","-2.41","4","5",
"OBS_DEU_P1M_T2M","3271","1962-01-01","-1.76","4","5",
"OBS_DEU_P1M_T2M","3271","1962-02-01","-0.59","4","5",
"OBS_DEU_P1M_T2M","3271","1962-03-01","0.44","4","5",
"OBS_DEU_P1M_T2M","3271","1962-04-01","9.24","4","5",
"OBS_DEU_P1M_T2M","3271","1962-05-01","10.25","4","5",
"OBS_DEU_P1M_T2M","3271","1962-06-01","14.28","4","5",
"OBS_DEU_P1M_T2M","3271","1962-07-01","15.68","4","5",
"OBS_DEU_P1M_T2M","3271","1962-08-01","16.72","4","5",
"OBS_DEU_P1M_T2M","3271","1962-09-01","12.08","4","5",
"OBS_DEU_P1M_T2M","3271","1962-10-01","7.33","4","5",
"OBS_DEU_P1M_T2M","3271","1962-11-01","2.5","4","5",
"OBS_DEU_P1M_T2M","3271","1962-12-01","-6.27","4","5",
"OBS_DEU_P1M_T2M","3271","1963-01-01","-8.5","4","5",
"OBS_DEU_P1M_T2M","3271","1963-02-01","-8.19","4","5",
"OBS_DEU_P1M_T2M","3271","1963-03-01","0.17","4","5",
"OBS_DEU_P1M_T2M","3271","1963-04-01","9.49","4","5",
"OBS_DEU_P1M_T2M","3271","1963-05-01","12.51","4","5",
"OBS_DEU_P1M_T2M","3271","1963-06-01","16.51","4","5",
"OBS_DEU_P1M_T2M","3271","1963-07-01","18.31","4","5",
"OBS_DEU_P1M_T2M","3271","1963-08-01","16.27","4","5",
"OBS_DEU_P1M_T2M","3271","1963-09-01","13.91","4","5",
"OBS_DEU_P1M_T2M","3271","1963-10-01","7.28","4","5",
"OBS_DEU_P1M_T2M","3271","1963-11-01","6.29","4","5",
"OBS_DEU_P1M_T2M","3271","1963-12-01","-5.21","4","5",
"OBS_DEU_P1M_T2M","3271","1964-01-01","-7.88","4","5",
"OBS_DEU_P1M_T2M","3271","1964-02-01","-1.09","4","5",
"OBS_DEU_P1M_T2M","3271","1964-03-01","0.9","4","5",
"OBS_DEU_P1M_T2M","3271","1964-04-01","9.06","4","5",
"OBS_DEU_P1M_T2M","3271","1964-05-01","13.63","4","5",
"OBS_DEU_P1M_T2M","3271","1964-06-01","17.39","4","5",
"OBS_DEU_P1M_T2M","3271","1964-07-01","18.31","4","5",
"OBS_DEU_P1M_T2M","3271","1964-08-01","15.86","4","5",
"OBS_DEU_P1M_T2M","3271","1964-09-01","13.3","4","5",
"OBS_DEU_P1M_T2M","3271","1964-10-01","7.33","4","5",
"OBS_DEU_P1M_T2M","3271","1964-11-01","4.87","4","5",
"OBS_DEU_P1M_T2M","3271","1964-12-01","-2.16","4","5",
"OBS_DEU_P1M_T2M","3271","1965-01-01","-0.12","4","5",
"OBS_DEU_P1M_T2M","3271","1965-02-01","-4.27","4","5",
"OBS_DEU_P1M_T2M","3271","1965-03-01","0.92","4","5",
"OBS_DEU_P1M_T2M","3271","1965-04-01","6.91","4","5",
"OBS_DEU_P1M_T2M","3271","1965-05-01","11.35","4","5",
"OBS_DEU_P1M_T2M","3271","1965-06-01","15.88","4","5",
"OBS_DEU_P1M_T2M","3271","1965-07-01","15.97","4","5",
"OBS_DEU_P1M_T2M","3271","1965-08-01","14.88","4","5",
"OBS_DEU_P1M_T2M","3271","1965-09-01","12.44","4","5",
"OBS_DEU_P1M_T2M","3271","1965-10-01","6.59","4","5",
"OBS_DEU_P1M_T2M","3271","1965-11-01","1.56","4","5",
"OBS_DEU_P1M_T2M","3271","1965-12-01","2.15","4","5",
"OBS_DEU_P1M_T2M","3271","1966-01-01","-4.73","4","5",
"OBS_DEU_P1M_T2M","3271","1966-02-01","4.32","4","5",
"OBS_DEU_P1M_T2M","3271","1966-03-01","2.69","4","5",
"OBS_DEU_P1M_T2M","3271","1966-04-01","10.17","4","5",
"OBS_DEU_P1M_T2M","3271","1966-05-01","12.98","4","5",
"OBS_DEU_P1M_T2M","3271","1966-06-01","16.71","4","5",
"OBS_DEU_P1M_T2M","3271","1966-07-01","15.8","4","5",
"OBS_DEU_P1M_T2M","3271","1966-08-01","15.25","4","5",
"OBS_DEU_P1M_T2M","3271","1966-09-01","13.24","4","5",
"OBS_DEU_P1M_T2M","3271","1966-10-01","11.52","4","5",
"OBS_DEU_P1M_T2M","3271","1966-11-01","1.67","4","5",
"OBS_DEU_P1M_T2M","3271","1966-12-01","0.77","4","5",
"OBS_DEU_P1M_T2M","3271","1967-01-01","-1.47","4","5",
"OBS_DEU_P1M_T2M","3271","1967-02-01","1.36","4","5",
"OBS_DEU_P1M_T2M","3271","1967-03-01","4.7","4","5",
"OBS_DEU_P1M_T2M","3271","1967-04-01","6.92","4","5",
"OBS_DEU_P1M_T2M","3271","1967-05-01","13.02","4","5",
"OBS_DEU_P1M_T2M","3271","1967-06-01","15.02","4","5",
"OBS_DEU_P1M_T2M","3271","1967-07-01","19.15","4","5",
"OBS_DEU_P1M_T2M","3271","1967-08-01","16.61","4","5",
"OBS_DEU_P1M_T2M","3271","1967-09-01","13.28","4","5",
"OBS_DEU_P1M_T2M","3271","1967-10-01","9.67","4","5",
"OBS_DEU_P1M_T2M","3271","1967-11-01","2.26","4","5",
"OBS_DEU_P1M_T2M","3271","1967-12-01","-1.8","4","5",
"OBS_DEU_P1M_T2M","3271","1968-01-01","-3.28","4","5",
"OBS_DEU_P1M_T2M","3271","1968-02-01","0.68","4","5",
"OBS_DEU_P1M_T2M","3271","1968-03-01","3.64","4","5",
"OBS_DEU_P1M_T2M","3271","1968-04-01","9.16","4","5",
"OBS_DEU_P1M_T2M","3271","1968-05-01","12.17","4","5",
"OBS_DEU_P1M_T2M","3271","1968-06-01","16.29","4","5",
"OBS_DEU_P1M_T2M","3271","1968-07-01","16.39","4","5",
"OBS_DEU_P1M_T2M","3271","1968-08-01","15.7","4","5",
"OBS_DEU_P1M_T2M","3271","1968-09-01","12.68","4","5",
"OBS_DEU_P1M_T2M","3271","1968-10-01","8.63","4","5",
"OBS_DEU_P1M_T2M","3271","1968-11-01","3.45","4","5",
"OBS_DEU_P1M_T2M","3271","1968-12-01","-3.27","4","5",
"OBS_DEU_P1M_T2M","3271","1969-01-01","-1.8","4","5",
"OBS_DEU_P1M_T2M","3271","1969-02-01","-1.79","4","5",
"OBS_DEU_P1M_T2M","3271","1969-03-01","2.23","4","5",
"OBS_DEU_P1M_T2M","3271","1969-04-01","8.08","4","5",
"OBS_DEU_P1M_T2M","3271","1969-05-01","13.82","4","5",
"OBS_DEU_P1M_T2M","3271","1969-06-01","14.66","4","5",
"OBS_DEU_P1M_T2M","3271","1969-07-01","17.87","4","5",
"OBS_DEU_P1M_T2M","3271","1969-08-01","15.81","4","5",
"OBS_DEU_P1M_T2M","3271","1969-09-01","13.71","4","5",
"OBS_DEU_P1M_T2M","3271","1969-10-01","7.86","4","5",
"OBS_DEU_P1M_T2M","3271","1969-11-01","4.18","4","5",
"OBS_DEU_P1M_T2M","3271","1969-12-01","-5.81","4","5",
"OBS_DEU_P1M_T2M","3271","1970-01-01","-3.57","4","5",
"OBS_DEU_P1M_T2M","3271","1970-02-01","-1.07","4","5",
"OBS_DEU_P1M_T2M","3271","1970-03-01","0.77","4","5",
"OBS_DEU_P1M_T2M","3271","1970-04-01","6.04","4","5",
"OBS_DEU_P1M_T2M","3271","1970-05-01","10.98","4","5",
"OBS_DEU_P1M_T2M","3271","1970-06-01","17.05","4","5",
"OBS_DEU_P1M_T2M","3271","1970-07-01","16.71","4","5",
"OBS_DEU_P1M_T2M","3271","1970-08-01","16.46","4","5",
"OBS_DEU_P1M_T2M","3271","1970-09-01","12.68","4","5",
"OBS_DEU_P1M_T2M","3271","1970-10-01","7.89","4","5",
"OBS_DEU_P1M_T2M","3271","1970-11-01","4.88","4","5",
"OBS_DEU_P1M_T2M","3271","1970-12-01","-1.12","4","5",
"OBS_DEU_P1M_T2M","3271","1971-01-01","-3.92","4","5",
"OBS_DEU_P1M_T2M","3271","1971-02-01","-0.45","4","5",
"OBS_DEU_P1M_T2M","3271","1971-03-01","0.5","4","5",
"OBS_DEU_P1M_T2M","3271","1971-04-01","9.09","4","5",
"OBS_DEU_P1M_T2M","3271","1971-05-01","14.19","4","5",
"OBS_DEU_P1M_T2M","3271","1971-06-01","14.06","4","5",
"OBS_DEU_P1M_T2M","3271","1971-07-01","17.73","4","5",
"OBS_DEU_P1M_T2M","3271","1971-08-01","18.11","4","5",
"OBS_DEU_P1M_T2M","3271","1971-09-01","11.25","4","5",
"OBS_DEU_P1M_T2M","3271","1971-10-01","6.6","4","5",
"OBS_DEU_P1M_T2M","3271","1971-11-01","2.74","4","5",
"OBS_DEU_P1M_T2M","3271","1971-12-01","2","4","5",
"OBS_DEU_P1M_T2M","3271","1972-01-01","-2.72","4","5",
"OBS_DEU_P1M_T2M","3271","1972-02-01","0.87","4","5",
"OBS_DEU_P1M_T2M","3271","1972-03-01","5.64","4","5",
"OBS_DEU_P1M_T2M","3271","1972-04-01","7.96","4","5",
"OBS_DEU_P1M_T2M","3271","1972-05-01","11.89","4","5",
"OBS_DEU_P1M_T2M","3271","1972-06-01","15.17","4","5",
"OBS_DEU_P1M_T2M","3271","1972-07-01","17.85","4","5",
"OBS_DEU_P1M_T2M","3271","1972-08-01","16.35","4","5",
"OBS_DEU_P1M_T2M","3271","1972-09-01","10.57","4","5",
"OBS_DEU_P1M_T2M","3271","1972-10-01","5.19","4","5",
"OBS_DEU_P1M_T2M","3271","1972-11-01","2.88","4","5",
"OBS_DEU_P1M_T2M","3271","1972-12-01","-1.38","4","5",
"OBS_DEU_P1M_T2M","3271","1973-01-01","-2.56","4","5",
"OBS_DEU_P1M_T2M","3271","1973-02-01","-0.56","4","5",
"OBS_DEU_P1M_T2M","3271","1973-03-01","2.24","4","5",
"OBS_DEU_P1M_T2M","3271","1973-04-01","5.55","4","5",
"OBS_DEU_P1M_T2M","3271","1973-05-01","13.25","4","5",
"OBS_DEU_P1M_T2M","3271","1973-06-01","15.94","4","5",
"OBS_DEU_P1M_T2M","3271","1973-07-01","16.6","4","5",
"OBS_DEU_P1M_T2M","3271","1973-08-01","17.75","4","5",
"OBS_DEU_P1M_T2M","3271","1973-09-01","13.61","4","5",
"OBS_DEU_P1M_T2M","3271","1973-10-01","6.04","4","5",
"OBS_DEU_P1M_T2M","3271","1973-11-01","1.51","4","5",
"OBS_DEU_P1M_T2M","3271","1973-12-01","-2.41","4","5",
"OBS_DEU_P1M_T2M","3271","1974-01-01","0.97","4","5",
"OBS_DEU_P1M_T2M","3271","1974-02-01","2.65","4","5",
"OBS_DEU_P1M_T2M","3271","1974-03-01","6.85","4","5",
"OBS_DEU_P1M_T2M","3271","1974-04-01","8.65","4","5",
"OBS_DEU_P1M_T2M","3271","1974-05-01","11.25","4","5",
"OBS_DEU_P1M_T2M","3271","1974-06-01","13.92","4","5",
"OBS_DEU_P1M_T2M","3271","1974-07-01","15.59","4","5",
"OBS_DEU_P1M_T2M","3271","1974-08-01","18.28","4","5",
"OBS_DEU_P1M_T2M","3271","1974-09-01","13.12","4","5",
"OBS_DEU_P1M_T2M","3271","1974-10-01","5.07","4","5",
"OBS_DEU_P1M_T2M","3271","1974-11-01","2.86","4","5",
"OBS_DEU_P1M_T2M","3271","1974-12-01","3.03","4","5",
"OBS_DEU_P1M_T2M","3271","1975-01-01","1.64","4","5",
"OBS_DEU_P1M_T2M","3271","1975-02-01","0.54","4","5",
"OBS_DEU_P1M_T2M","3271","1975-03-01","3.9","4","5",
"OBS_DEU_P1M_T2M","3271","1975-04-01","7.27","4","5",
"OBS_DEU_P1M_T2M","3271","1975-05-01","13.58","4","5",
"OBS_DEU_P1M_T2M","3271","1975-06-01","14.8","4","5",
"OBS_DEU_P1M_T2M","3271","1975-07-01","17.35","4","5",
"OBS_DEU_P1M_T2M","3271","1975-08-01","17.47","4","5",
"OBS_DEU_P1M_T2M","3271","1975-09-01","15.63","4","5",
"OBS_DEU_P1M_T2M","3271","1975-10-01","7.15","4","5",
"OBS_DEU_P1M_T2M","3271","1975-11-01","2.33","4","5",
"OBS_DEU_P1M_T2M","3271","1975-12-01","-1.88","4","5",
"OBS_DEU_P1M_T2M","3271","1976-01-01","0.64","4","5",
"OBS_DEU_P1M_T2M","3271","1976-02-01","-0.46","4","5",
"OBS_DEU_P1M_T2M","3271","1976-03-01","0.8","4","5",
"OBS_DEU_P1M_T2M","3271","1976-04-01","8.04","4","5",
"OBS_DEU_P1M_T2M","3271","1976-05-01","13.11","4","5",
"OBS_DEU_P1M_T2M","3271","1976-06-01","16.97","4","5",
"OBS_DEU_P1M_T2M","3271","1976-07-01","19.27","4","5",
"OBS_DEU_P1M_T2M","3271","1976-08-01","14.95","4","5",
"OBS_DEU_P1M_T2M","3271","1976-09-01","11.9","4","5",
"OBS_DEU_P1M_T2M","3271","1976-10-01","9.02","4","5",
"OBS_DEU_P1M_T2M","3271","1976-11-01","4.15","4","5",
"OBS_DEU_P1M_T2M","3271","1976-12-01","-2.75","4","5",
"OBS_DEU_P1M_T2M","3271","1977-01-01","-1.59","4","5",
"OBS_DEU_P1M_T2M","3271","1977-02-01","2.42","4","5",
"OBS_DEU_P1M_T2M","3271","1977-03-01","5.86","4","5",
"OBS_DEU_P1M_T2M","3271","1977-04-01","6.46","4","5",
"OBS_DEU_P1M_T2M","3271","1977-05-01","13","4","5",
"OBS_DEU_P1M_T2M","3271","1977-06-01","16.44","4","5",
"OBS_DEU_P1M_T2M","3271","1977-07-01","16.76","4","5",
"OBS_DEU_P1M_T2M","3271","1977-08-01","16.1","4","5",
"OBS_DEU_P1M_T2M","3271","1977-09-01","11.62","4","5",
"OBS_DEU_P1M_T2M","3271","1977-10-01","8.7","4","5",
"OBS_DEU_P1M_T2M","3271","1977-11-01","4.07","4","5",
"OBS_DEU_P1M_T2M","3271","1977-12-01","-0.17","4","5",
"OBS_DEU_P1M_T2M","3271","1978-01-01","-0.51","4","5",
"OBS_DEU_P1M_T2M","3271","1978-02-01","-3.11","4","5",
"OBS_DEU_P1M_T2M","3271","1978-03-01","3.54","4","5",
"OBS_DEU_P1M_T2M","3271","1978-04-01","7.09","4","5",
"OBS_DEU_P1M_T2M","3271","1978-05-01","11.12","4","5",
"OBS_DEU_P1M_T2M","3271","1978-06-01","14.68","4","5",
"OBS_DEU_P1M_T2M","3271","1978-07-01","15.49","4","5",
"OBS_DEU_P1M_T2M","3271","1978-08-01","14.42","4","5",
"OBS_DEU_P1M_T2M","3271","1978-09-01","12.01","4","5",
"OBS_DEU_P1M_T2M","3271","1978-10-01","7.45","4","5",
"OBS_DEU_P1M_T2M","3271","1978-11-01","1.73","4","5",
"OBS_DEU_P1M_T2M","3271","1978-12-01","-0.37","4","5",
"OBS_DEU_P1M_T2M","3271","1979-01-01","-5.68","4","5",
"OBS_DEU_P1M_T2M","3271","1979-02-01","0.11","4","5",
"OBS_DEU_P1M_T2M","3271","1979-03-01","4.22","4","5",
"OBS_DEU_P1M_T2M","3271","1979-04-01","6.47","4","5",
"OBS_DEU_P1M_T2M","3271","1979-05-01","12.97","4","5",
"OBS_DEU_P1M_T2M","3271","1979-06-01","17.44","4","5",
"OBS_DEU_P1M_T2M","3271","1979-07-01","15.28","4","5",
"OBS_DEU_P1M_T2M","3271","1979-08-01","15.46","4","5",
"OBS_DEU_P1M_T2M","3271","1979-09-01","12.56","4","5",
"OBS_DEU_P1M_T2M","3271","1979-10-01","8.18","4","5",
"OBS_DEU_P1M_T2M","3271","1979-11-01","2.52","4","5",
"OBS_DEU_P1M_T2M","3271","1979-12-01","3.21","4","5",
"OBS_DEU_P1M_T2M","3271","1980-01-01","-3.92","4","5",
"OBS_DEU_P1M_T2M","3271","1980-02-01","1.42","4","5",
"OBS_DEU_P1M_T2M","3271","1980-03-01","4","4","5",
"OBS_DEU_P1M_T2M","3271","1980-04-01","5.4","4","5",
"OBS_DEU_P1M_T2M","3271","1980-05-01","11.12","4","5",
"OBS_DEU_P1M_T2M","3271","1980-06-01","15.11","4","5",
"OBS_DEU_P1M_T2M","3271","1980-07-01","14.83","4","5",
"OBS_DEU_P1M_T2M","3271","1980-08-01","16.48","4","5",
"OBS_DEU_P1M_T2M","3271","1980-09-01","13.1","4","5",
"OBS_DEU_P1M_T2M","3271","1980-10-01","7.26","4","5",
"OBS_DEU_P1M_T2M","3271","1980-11-01","1.82","4","5",
"OBS_DEU_P1M_T2M","3271","1980-12-01","-1.89","4","5",
"OBS_DEU_P1M_T2M","3271","1981-01-01","-5","4","10",
"OBS_DEU_P1M_T2M","3271","1981-02-01","-1.99","4","10",
"OBS_DEU_P1M_T2M","3271","1981-03-01","6.2","4","10",
"OBS_DEU_P1M_T2M","3271","1981-04-01","8.3","4","10",
"OBS_DEU_P1M_T2M","3271","1981-05-01","13.14","4","10",
"OBS_DEU_P1M_T2M","3271","1981-06-01","16.17","4","10",
"OBS_DEU_P1M_T2M","3271","1981-07-01","16.3","4","10",
"OBS_DEU_P1M_T2M","3271","1981-08-01","16.47","4","10",
"OBS_DEU_P1M_T2M","3271","1981-09-01","13.89","4","10",
"OBS_DEU_P1M_T2M","3271","1981-10-01","8.29","4","10",
"OBS_DEU_P1M_T2M","3271","1981-11-01","3.38","4","10",
"OBS_DEU_P1M_T2M","3271","1981-12-01","-2.65","4","10",
"OBS_DEU_P1M_T2M","3271","1982-01-01","-4.56","4","10",
"OBS_DEU_P1M_T2M","3271","1982-02-01","-2.16","4","10",
"OBS_DEU_P1M_T2M","3271","1982-03-01","3.97","4","10",
"OBS_DEU_P1M_T2M","3271","1982-04-01","6.14","4","10",
"OBS_DEU_P1M_T2M","3271","1982-05-01","13.26","4","10",
"OBS_DEU_P1M_T2M","3271","1982-06-01","16.34","4","10",
"OBS_DEU_P1M_T2M","3271","1982-07-01","19.01","4","10",
"OBS_DEU_P1M_T2M","3271","1982-08-01","16.92","4","10",
"OBS_DEU_P1M_T2M","3271","1982-09-01","15.47","4","10",
"OBS_DEU_P1M_T2M","3271","1982-10-01","9.32","4","10",
"OBS_DEU_P1M_T2M","3271","1982-11-01","4.22","4","10",
"OBS_DEU_P1M_T2M","3271","1982-12-01","1.94","4","10",
"OBS_DEU_P1M_T2M","3271","1983-01-01","1.84","4","10",
"OBS_DEU_P1M_T2M","3271","1983-02-01","-3.35","4","10",
"OBS_DEU_P1M_T2M","3271","1983-03-01","3.94","4","10",
"OBS_DEU_P1M_T2M","3271","1983-04-01","9.29","4","10",
"OBS_DEU_P1M_T2M","3271","1983-05-01","12.22","4","10",
"OBS_DEU_P1M_T2M","3271","1983-06-01","16.51","4","10",
"OBS_DEU_P1M_T2M","3271","1983-07-01","20.81","4","10",
"OBS_DEU_P1M_T2M","3271","1983-08-01","17.97","4","10",
"OBS_DEU_P1M_T2M","3271","1983-09-01","12.8","4","10",
"OBS_DEU_P1M_T2M","3271","1983-10-01","7.99","4","10",
"OBS_DEU_P1M_T2M","3271","1983-11-01","1.4","4","10",
"OBS_DEU_P1M_T2M","3271","1983-12-01","-1.66","4","10",
"OBS_DEU_P1M_T2M","3271","1984-01-01","-0.4","4","10",
"OBS_DEU_P1M_T2M","3271","1984-02-01","-2.07","4","10",
"OBS_DEU_P1M_T2M","3271","1984-03-01","2.26","4","10",
"OBS_DEU_P1M_T2M","3271","1984-04-01","6.75","4","10",
"OBS_DEU_P1M_T2M","3271","1984-05-01","11.49","4","10",
"OBS_DEU_P1M_T2M","3271","1984-06-01","13.85","4","10",
"OBS_DEU_P1M_T2M","3271","1984-07-01","15.76","4","10",
"OBS_DEU_P1M_T2M","3271","1984-08-01","16.56","4","10",
"OBS_DEU_P1M_T2M","3271","1984-09-01","11.98","4","10",
"OBS_DEU_P1M_T2M","3271","1984-10-01","8.79","4","10",
"OBS_DEU_P1M_T2M","3271","1984-11-01","3.69","4","10",
"OBS_DEU_P1M_T2M","3271","1984-12-01","-0.05","4","10",
"OBS_DEU_P1M_T2M","3271","1985-01-01","-8.62","4","10",
"OBS_DEU_P1M_T2M","3271","1985-02-01","-4.75","4","10",
"OBS_DEU_P1M_T2M","3271","1985-03-01","2.63","4","10",
"OBS_DEU_P1M_T2M","3271","1985-04-01","7.73","4","10",
"OBS_DEU_P1M_T2M","3271","1985-05-01","14.01","4","10",
"OBS_DEU_P1M_T2M","3271","1985-06-01","13.64","4","10",
"OBS_DEU_P1M_T2M","3271","1985-07-01","17.51","4","10",
"OBS_DEU_P1M_T2M","3271","1985-08-01","16.47","4","10",
"OBS_DEU_P1M_T2M","3271","1985-09-01","12.95","4","10",
"OBS_DEU_P1M_T2M","3271","1985-10-01","7.38","4","10",
"OBS_DEU_P1M_T2M","3271","1985-11-01","0.66","4","10",
"OBS_DEU_P1M_T2M","3271","1985-12-01","1.66","4","10",
"OBS_DEU_P1M_T2M","3271","1986-01-01","-0.89","4","10",
"OBS_DEU_P1M_T2M","3271","1986-02-01","-6.4","4","10",
"OBS_DEU_P1M_T2M","3271","1986-03-01","2.82","4","10",
"OBS_DEU_P1M_T2M","3271","1986-04-01","8.56","4","10",
"OBS_DEU_P1M_T2M","3271","1986-05-01","14.66","4","10",
"OBS_DEU_P1M_T2M","3271","1986-06-01","15.84","4","10",
"OBS_DEU_P1M_T2M","3271","1986-07-01","16.53","4","10",
"OBS_DEU_P1M_T2M","3271","1986-08-01","16.75","4","10",
"OBS_DEU_P1M_T2M","3271","1986-09-01","11.93","4","10",
"OBS_DEU_P1M_T2M","3271","1986-10-01","8.32","4","10",
"OBS_DEU_P1M_T2M","3271","1986-11-01","3.13","4","10",
"OBS_DEU_P1M_T2M","3271","1986-12-01","-0.23","4","10",
"OBS_DEU_P1M_T2M","3271","1987-01-01","-6.18","4","10",
"OBS_DEU_P1M_T2M","3271","1987-02-01","-1.86","4","10",
"OBS_DEU_P1M_T2M","3271","1987-03-01","-1.94","4","10",
"OBS_DEU_P1M_T2M","3271","1987-04-01","8.97","4","10",
"OBS_DEU_P1M_T2M","3271","1987-05-01","10.45","4","10",
"OBS_DEU_P1M_T2M","3271","1987-06-01","14.8","4","10",
"OBS_DEU_P1M_T2M","3271","1987-07-01","17.94","4","10",
"OBS_DEU_P1M_T2M","3271","1987-08-01","15.46","4","10",
"OBS_DEU_P1M_T2M","3271","1987-09-01","15.35","4","10",
"OBS_DEU_P1M_T2M","3271","1987-10-01","9.25","4","10",
"OBS_DEU_P1M_T2M","3271","1987-11-01","3.94","4","10",
"OBS_DEU_P1M_T2M","3271","1987-12-01","0.14","4","10",
"OBS_DEU_P1M_T2M","3271","1988-01-01","1.23","4","10",
"OBS_DEU_P1M_T2M","3271","1988-02-01","1.24","4","10",
"OBS_DEU_P1M_T2M","3271","1988-03-01","2.04","4","10",
"OBS_DEU_P1M_T2M","3271","1988-04-01","8.99","4","10",
"OBS_DEU_P1M_T2M","3271","1988-05-01","15.03","4","10",
"OBS_DEU_P1M_T2M","3271","1988-06-01","15.47","4","10",
"OBS_DEU_P1M_T2M","3271","1988-07-01","17.18","4","10",
"OBS_DEU_P1M_T2M","3271","1988-08-01","16.93","4","10",
"OBS_DEU_P1M_T2M","3271","1988-09-01","13.09","4","10",
"OBS_DEU_P1M_T2M","3271","1988-10-01","9.64","4","10",
"OBS_DEU_P1M_T2M","3271","1988-11-01","1.12","4","10",
"OBS_DEU_P1M_T2M","3271","1988-12-01","1.42","4","10",
"OBS_DEU_P1M_T2M","3271","1989-01-01","-0.15","4","10",
"OBS_DEU_P1M_T2M","3271","1989-02-01","2.1","4","10",
"OBS_DEU_P1M_T2M","3271","1989-03-01","6.27","4","10",
"OBS_DEU_P1M_T2M","3271","1989-04-01","8.54","4","10",
"OBS_DEU_P1M_T2M","3271","1989-05-01","13.44","4","10",
"OBS_DEU_P1M_T2M","3271","1989-06-01","14.43","4","10",
"OBS_DEU_P1M_T2M","3271","1989-07-01","17.83","4","10",
"OBS_DEU_P1M_T2M","3271","1989-08-01","16.74","4","10",
"OBS_DEU_P1M_T2M","3271","1989-09-01","13.64","4","10",
"OBS_DEU_P1M_T2M","3271","1989-10-01","8.69","4","10",
"OBS_DEU_P1M_T2M","3271","1989-11-01","0.84","4","10",
"OBS_DEU_P1M_T2M","3271","1989-12-01","-0.51","4","10",
"OBS_DEU_P1M_T2M","3271","1990-01-01","-2.11","4","10",
"OBS_DEU_P1M_T2M","3271","1990-02-01","3.22","4","10",
"OBS_DEU_P1M_T2M","3271","1990-03-01","6.21","4","10",
"OBS_DEU_P1M_T2M","3271","1990-04-01","7.26","4","10",
"OBS_DEU_P1M_T2M","3271","1990-05-01","14.25","4","10",
"OBS_DEU_P1M_T2M","3271","1990-06-01","15.39","4","10",
"OBS_DEU_P1M_T2M","3271","1990-07-01","16.83","4","10",
"OBS_DEU_P1M_T2M","3271","1990-08-01","18.08","4","10",
"OBS_DEU_P1M_T2M","3271","1990-09-01","11.25","4","10",
"OBS_DEU_P1M_T2M","3271","1990-10-01","9.05","4","10",
"OBS_DEU_P1M_T2M","3271","1990-11-01","4.08","4","10",
"OBS_DEU_P1M_T2M","3271","1990-12-01","-1.74","4","10",
"OBS_DEU_P1M_T2M","3271","1991-01-01","-0.24","4","10",
"OBS_DEU_P1M_T2M","3271","1991-02-01","-4.56","4","10",
"OBS_DEU_P1M_T2M","3271","1991-03-01","5.86","4","10",
"OBS_DEU_P1M_T2M","3271","1991-04-01","7.49","4","10",
"OBS_DEU_P1M_T2M","3271","1991-05-01","9.61","4","10",
"OBS_DEU_P1M_T2M","3271","1991-06-01","14.54","4","10",
"OBS_DEU_P1M_T2M","3271","1991-07-01","18.92","4","10",
"OBS_DEU_P1M_T2M","3271","1991-08-01","17.52","4","10",
"OBS_DEU_P1M_T2M","3271","1991-09-01","14.18","4","10",
"OBS_DEU_P1M_T2M","3271","1991-10-01","7.03","4","10",
"OBS_DEU_P1M_T2M","3271","1991-11-01","3.17","4","10",
"OBS_DEU_P1M_T2M","3271","1991-12-01","-2.26","4","10",
"OBS_DEU_P1M_T2M","3271","1992-01-01","-0.96","4","10",
"OBS_DEU_P1M_T2M","3271","1992-02-01","1.12","4","10",
"OBS_DEU_P1M_T2M","3271","1992-03-01","4.05","4","10",
"OBS_DEU_P1M_T2M","3271","1992-04-01","7.63","4","10",
"OBS_DEU_P1M_T2M","3271","1992-05-01","15.22","4","10",
"OBS_DEU_P1M_T2M","3271","1992-06-01","17.08","4","10",
"OBS_DEU_P1M_T2M","3271","1992-07-01","18.52","4","10",
"OBS_DEU_P1M_T2M","3271","1992-08-01","20.08","4","10",
"OBS_DEU_P1M_T2M","3271","1992-09-01","13.26","4","10",
"OBS_DEU_P1M_T2M","3271","1992-10-01","7.41","4","10",
"OBS_DEU_P1M_T2M","3271","1992-11-01","4.46","4","10",
"OBS_DEU_P1M_T2M","3271","1992-12-01","-0.58","4","10",
"OBS_DEU_P1M_T2M","3271","1993-01-01","0.53","4","10",
"OBS_DEU_P1M_T2M","3271","1993-02-01","-3.79","4","10",
"OBS_DEU_P1M_T2M","3271","1993-03-01","2.59","4","10",
"OBS_DEU_P1M_T2M","3271","1993-04-01","10.42","4","10",
"OBS_DEU_P1M_T2M","3271","1993-05-01","15.7","4","10",
"OBS_DEU_P1M_T2M","3271","1993-06-01","15.78","4","10",
"OBS_DEU_P1M_T2M","3271","1993-07-01","16.09","4","10",
"OBS_DEU_P1M_T2M","3271","1993-08-01","16.55","4","10",
"OBS_DEU_P1M_T2M","3271","1993-09-01","12.64","4","10",
"OBS_DEU_P1M_T2M","3271","1993-10-01","8.25","4","10",
"OBS_DEU_P1M_T2M","3271","1993-11-01","0.63","4","10",
"OBS_DEU_P1M_T2M","3271","1993-12-01","2.12","4","10",
"OBS_DEU_P1M_T2M","3271","1994-01-01","2.42","4","10",
"OBS_DEU_P1M_T2M","3271","1994-02-01","0.52","4","10",
"OBS_DEU_P1M_T2M","3271","1994-03-01","6.75","4","10",
"OBS_DEU_P1M_T2M","3271","1994-04-01","7.85","4","10",
"OBS_DEU_P1M_T2M","3271","1994-05-01","13.56","4","10",
"OBS_DEU_P1M_T2M","3271","1994-06-01","16.74","4","10",
"OBS_DEU_P1M_T2M","3271","1994-07-01","21.21","4","10",
"OBS_DEU_P1M_T2M","3271","1994-08-01","18.49","4","10",
"OBS_DEU_P1M_T2M","3271","1994-09-01","13.66","4","10",
"OBS_DEU_P1M_T2M","3271","1994-10-01","6.57","4","10",
"OBS_DEU_P1M_T2M","3271","1994-11-01","7.16","4","10",
"OBS_DEU_P1M_T2M","3271","1994-12-01","1.43","4","10",
"OBS_DEU_P1M_T2M","3271","1995-01-01","-2.17","4","10",
"OBS_DEU_P1M_T2M","3271","1995-02-01","3.2","4","10",
"OBS_DEU_P1M_T2M","3271","1995-03-01","2.9","4","10",
"OBS_DEU_P1M_T2M","3271","1995-04-01","9.45","4","10",
"OBS_DEU_P1M_T2M","3271","1995-05-01","13.15","4","10",
"OBS_DEU_P1M_T2M","3271","1995-06-01","14.7","4","10",
"OBS_DEU_P1M_T2M","3271","1995-07-01","20.3","4","10",
"OBS_DEU_P1M_T2M","3271","1995-08-01","17.14","4","10",
"OBS_DEU_P1M_T2M","3271","1995-09-01","12.15","4","10",
"OBS_DEU_P1M_T2M","3271","1995-10-01","10.82","4","10",
"OBS_DEU_P1M_T2M","3271","1995-11-01","1.41","4","10",
"OBS_DEU_P1M_T2M","3271","1995-12-01","-1.43","4","10",
"OBS_DEU_P1M_T2M","3271","1996-01-01","-3.78","4","10",
"OBS_DEU_P1M_T2M","3271","1996-02-01","-3.11","4","10",
"OBS_DEU_P1M_T2M","3271","1996-03-01","0.35","4","10",
"OBS_DEU_P1M_T2M","3271","1996-04-01","8.28","4","10",
"OBS_DEU_P1M_T2M","3271","1996-05-01","13.13","4","10",
"OBS_DEU_P1M_T2M","3271","1996-06-01","16.89","4","10",
"OBS_DEU_P1M_T2M","3271","1996-07-01","16.13","4","10",
"OBS_DEU_P1M_T2M","3271","1996-08-01","16.38","4","10",
"OBS_DEU_P1M_T2M","3271","1996-09-01","11.15","4","10",
"OBS_DEU_P1M_T2M","3271","1996-10-01","8.88","4","10",
"OBS_DEU_P1M_T2M","3271","1996-11-01","4.72","4","10",
"OBS_DEU_P1M_T2M","3271","1996-12-01","-3.85","4","10",
"OBS_DEU_P1M_T2M","3271","1997-01-01","-4.46","4","10",
"OBS_DEU_P1M_T2M","3271","1997-02-01","2.07","4","10",
"OBS_DEU_P1M_T2M","3271","1997-03-01","5.5","4","10",
"OBS_DEU_P1M_T2M","3271","1997-04-01","6.04","4","10",
"OBS_DEU_P1M_T2M","3271","1997-05-01","13.47","4","10",
"OBS_DEU_P1M_T2M","3271","1997-06-01","16.51","4","10",
"OBS_DEU_P1M_T2M","3271","1997-07-01","17.07","4","10",
"OBS_DEU_P1M_T2M","3271","1997-08-01","18.27","4","10",
"OBS_DEU_P1M_T2M","3271","1997-09-01","13.35","4","10",
"OBS_DEU_P1M_T2M","3271","1997-10-01","6.86","4","10",
"OBS_DEU_P1M_T2M","3271","1997-11-01","3.85","4","10",
"OBS_DEU_P1M_T2M","3271","1997-12-01","1.83","4","10",
"OBS_DEU_P1M_T2M","3271","1998-01-01","0.58","4","10",
"OBS_DEU_P1M_T2M","3271","1998-02-01","1.78","4","10",
"OBS_DEU_P1M_T2M","3271","1998-03-01","4.36","4","10",
"OBS_DEU_P1M_T2M","3271","1998-04-01","9.41","4","10",
"OBS_DEU_P1M_T2M","3271","1998-05-01","14.26","4","10",
"OBS_DEU_P1M_T2M","3271","1998-06-01","17.23","4","10",
"OBS_DEU_P1M_T2M","3271","1998-07-01","17.63","4","10",
"OBS_DEU_P1M_T2M","3271","1998-08-01","17.41","4","10",
"OBS_DEU_P1M_T2M","3271","1998-09-01","13.05","4","10",
"OBS_DEU_P1M_T2M","3271","1998-10-01","9.31","4","10",
"OBS_DEU_P1M_T2M","3271","1998-11-01","1.27","4","10",
"OBS_DEU_P1M_T2M","3271","1998-12-01","-1.28","4","10",
"OBS_DEU_P1M_T2M","3271","1999-01-01","-0.49","4","10",
"OBS_DEU_P1M_T2M","3271","1999-02-01","-1.44","4","10",
"OBS_DEU_P1M_T2M","3271","1999-03-01","5.12","4","10",
"OBS_DEU_P1M_T2M","3271","1999-04-01","9","4","10",
"OBS_DEU_P1M_T2M","3271","1999-05-01","14.74","4","10",
"OBS_DEU_P1M_T2M","3271","1999-06-01","15.95","4","10",
"OBS_DEU_P1M_T2M","3271","1999-07-01","18.56","4","10",
"OBS_DEU_P1M_T2M","3271","1999-08-01","17.24","4","10",
"OBS_DEU_P1M_T2M","3271","1999-09-01","16.23","4","10",
"OBS_DEU_P1M_T2M","3271","1999-10-01","8.65","4","10",
"OBS_DEU_P1M_T2M","3271","1999-11-01","2.37","4","10",
"OBS_DEU_P1M_T2M","3271","1999-12-01","0.23","4","10",
"OBS_DEU_P1M_T2M","3271","2000-01-01","-2.26","4","10",
"OBS_DEU_P1M_T2M","3271","2000-02-01","2.67","4","10",
"OBS_DEU_P1M_T2M","3271","2000-03-01","4.78","4","10",
"OBS_DEU_P1M_T2M","3271","2000-04-01","10.72","4","10",
"OBS_DEU_P1M_T2M","3271","2000-05-01","14.9","4","10",
"OBS_DEU_P1M_T2M","3271","2000-06-01","17.76","4","10",
"OBS_DEU_P1M_T2M","3271","2000-07-01","15.58","4","10",
"OBS_DEU_P1M_T2M","3271","2000-08-01","18.18","4","10",
"OBS_DEU_P1M_T2M","3271","2000-09-01","13.64","4","10",
"OBS_DEU_P1M_T2M","3271","2000-10-01","10.38","4","10",
"OBS_DEU_P1M_T2M","3271","2000-11-01","5.22","4","10",
"OBS_DEU_P1M_T2M","3271","2000-12-01","1.09","4","10",
"OBS_DEU_P1M_T2M","3271","2001-01-01","-0.82","4","10",
"OBS_DEU_P1M_T2M","3271","2001-02-01","1.32","4","10",
"OBS_DEU_P1M_T2M","3271","2001-03-01","6.01","4","10",
"OBS_DEU_P1M_T2M","3271","2001-04-01","7.16","4","10",
"OBS_DEU_P1M_T2M","3271","2001-05-01","16","4","10",
"OBS_DEU_P1M_T2M","3271","2001-06-01","14.77","4","10",
"OBS_DEU_P1M_T2M","3271","2001-07-01","17.99","4","10",
"OBS_DEU_P1M_T2M","3271","2001-08-01","18.11","4","10",
"OBS_DEU_P1M_T2M","3271","2001-09-01","11.39","4","10",
"OBS_DEU_P1M_T2M","3271","2001-10-01","11.42","4","10",
"OBS_DEU_P1M_T2M","3271","2001-11-01","2.28","4","10",
"OBS_DEU_P1M_T2M","3271","2001-12-01","-1.76","4","10",
"OBS_DEU_P1M_T2M","3271","2002-01-01","-2.64","4","10",
"OBS_DEU_P1M_T2M","3271","2002-02-01","3.87","4","10",
"OBS_DEU_P1M_T2M","3271","2002-03-01","4.84","4","10",
"OBS_DEU_P1M_T2M","3271","2002-04-01","9.03","4","10",
"OBS_DEU_P1M_T2M","3271","2002-05-01","14.89","4","10",
"OBS_DEU_P1M_T2M","3271","2002-06-01","18.47","4","10",
"OBS_DEU_P1M_T2M","3271","2002-07-01","18.13","4","10",
"OBS_DEU_P1M_T2M","3271","2002-08-01","18.17","4","10",
"OBS_DEU_P1M_T2M","3271","2002-09-01","12.09","4","10",
"OBS_DEU_P1M_T2M","3271","2002-10-01","8.06","4","10",
"OBS_DEU_P1M_T2M","3271","2002-11-01","5.43","4","10",
"OBS_DEU_P1M_T2M","3271","2002-12-01","0.61","4","10",
"OBS_DEU_P1M_T2M","3271","2003-01-01","-1.84","4","10",
"OBS_DEU_P1M_T2M","3271","2003-02-01","-3.94","4","10",
"OBS_DEU_P1M_T2M","3271","2003-03-01","4.27","4","10",
"OBS_DEU_P1M_T2M","3271","2003-04-01","8.69","4","10",
"OBS_DEU_P1M_T2M","3271","2003-05-01","15.36","4","10",
"OBS_DEU_P1M_T2M","3271","2003-06-01","19.92","4","10",
"OBS_DEU_P1M_T2M","3271","2003-07-01","19.23","4","10",
"OBS_DEU_P1M_T2M","3271","2003-08-01","20.95","4","10",
"OBS_DEU_P1M_T2M","3271","2003-09-01","13.37","4","10",
"OBS_DEU_P1M_T2M","3271","2003-10-01","5.95","4","10",
"OBS_DEU_P1M_T2M","3271","2003-11-01","4.46","4","10",
"OBS_DEU_P1M_T2M","3271","2003-12-01","-0.54","4","10",
"OBS_DEU_P1M_T2M","3271","2004-01-01","-2.21","4","10",
"OBS_DEU_P1M_T2M","3271","2004-02-01","0.82","4","10",
"OBS_DEU_P1M_T2M","3271","2004-03-01","3.22","4","10",
"OBS_DEU_P1M_T2M","3271","2004-04-01","10.08","4","10",
"OBS_DEU_P1M_T2M","3271","2004-05-01","12.09","4","10",
"OBS_DEU_P1M_T2M","3271","2004-06-01","15.78","4","10",
"OBS_DEU_P1M_T2M","3271","2004-07-01","17.47","4","10",
"OBS_DEU_P1M_T2M","3271","2004-08-01","18.13","4","10",
"OBS_DEU_P1M_T2M","3271","2004-09-01","13.73","4","10",
"OBS_DEU_P1M_T2M","3271","2004-10-01","9.72","4","10",
"OBS_DEU_P1M_T2M","3271","2004-11-01","2.98","4","10",
"OBS_DEU_P1M_T2M","3271","2004-12-01","-1.25","4","10",
"OBS_DEU_P1M_T2M","3271","2005-01-01","-0.73","4","10",
"OBS_DEU_P1M_T2M","3271","2005-02-01","-2.95","4","10",
"OBS_DEU_P1M_T2M","3271","2005-03-01","1.8","4","10",
"OBS_DEU_P1M_T2M","3271","2005-04-01","9.53","4","10",
"OBS_DEU_P1M_T2M","3271","2005-05-01","13.4","4","10",
"OBS_DEU_P1M_T2M","3271","2005-06-01","17.03","4","10",
"OBS_DEU_P1M_T2M","3271","2005-07-01","17.95","4","10",
"OBS_DEU_P1M_T2M","3271","2005-08-01","16.09","4","10",
"OBS_DEU_P1M_T2M","3271","2005-09-01","14.71","4","10",
"OBS_DEU_P1M_T2M","3271","2005-10-01","9.88","4","10",
"OBS_DEU_P1M_T2M","3271","2005-11-01","2.35","4","10",
"OBS_DEU_P1M_T2M","3271","2005-12-01","-1.47","4","10",
"OBS_DEU_P1M_T2M","3271","2006-01-01","-5.64","4","10",
"OBS_DEU_P1M_T2M","3271","2006-02-01","-2.5","4","10",
"OBS_DEU_P1M_T2M","3271","2006-03-01","0.76","4","10",
"OBS_DEU_P1M_T2M","3271","2006-04-01","8.84","4","10",
"OBS_DEU_P1M_T2M","3271","2006-05-01","13.4","4","10",
"OBS_DEU_P1M_T2M","3271","2006-06-01","17.43","4","10",
"OBS_DEU_P1M_T2M","3271","2006-07-01","21.35","4","10",
"OBS_DEU_P1M_T2M","3271","2006-08-01","15.22","4","10",
"OBS_DEU_P1M_T2M","3271","2006-09-01","15.98","4","10",
"OBS_DEU_P1M_T2M","3271","2006-10-01","10.56","4","10",
"OBS_DEU_P1M_T2M","3271","2006-11-01","5.05","4","10",
"OBS_DEU_P1M_T2M","3271","2006-12-01","1.37","4","10",
"OBS_DEU_P1M_T2M","3271","2007-01-01","3.09","4","10",
"OBS_DEU_P1M_T2M","3271","2007-02-01","3.87","4","10",
"OBS_DEU_P1M_T2M","3271","2007-03-01","6.25","4","10",
"OBS_DEU_P1M_T2M","3271","2007-04-01","12.17","4","10",
"OBS_DEU_P1M_T2M","3271","2007-05-01","14.46","4","10",
"OBS_DEU_P1M_T2M","3271","2007-06-01","18.32","4","10",
"OBS_DEU_P1M_T2M","3271","2007-07-01","18.31","4","10",
"OBS_DEU_P1M_T2M","3271","2007-08-01","17.16","4","10",
"OBS_DEU_P1M_T2M","3271","2007-09-01","11.92","4","10",
"OBS_DEU_P1M_T2M","3271","2007-10-01","7.96","4","10",
"OBS_DEU_P1M_T2M","3271","2007-11-01","1.84","4","10",
"OBS_DEU_P1M_T2M","3271","2007-12-01","0.13","4","10",
"OBS_DEU_P1M_T2M","3271","2008-01-01","0.71","4","10",
"OBS_DEU_P1M_T2M","3271","2008-02-01","2.22","4","10",
"OBS_DEU_P1M_T2M","3271","2008-03-01","4.1","4","10",
"OBS_DEU_P1M_T2M","3271","2008-04-01","8.64","4","10",
"OBS_DEU_P1M_T2M","3271","2008-05-01","15.16","4","10",
"OBS_DEU_P1M_T2M","3271","2008-06-01","17.97","4","10",
"OBS_DEU_P1M_T2M","3271","2008-07-01","18.27","4","10",
"OBS_DEU_P1M_T2M","3271","2008-08-01","17.7","4","10",
"OBS_DEU_P1M_T2M","3271","2008-09-01","12.38","4","10",
"OBS_DEU_P1M_T2M","3271","2008-10-01","8.52","4","10",
"OBS_DEU_P1M_T2M","3271","2008-11-01","3.91","4","10",
"OBS_DEU_P1M_T2M","3271","2008-12-01","0.6","4","10",
"OBS_DEU_P1M_T2M","3271","2009-01-01","-4.35","4","10",
"OBS_DEU_P1M_T2M","3271","2009-02-01","-0.59","4","10",
"OBS_DEU_P1M_T2M","3271","2009-03-01","3.87","4","10",
"OBS_DEU_P1M_T2M","3271","2009-04-01","12.73","4","10",
"OBS_DEU_P1M_T2M","3271","2009-05-01","14.38","4","10",
"OBS_DEU_P1M_T2M","3271","2009-06-01","15.97","4","10",
"OBS_DEU_P1M_T2M","3271","2009-07-01","18.41","4","10",
"OBS_DEU_P1M_T2M","3271","2009-08-01","18.77","4","10",
"OBS_DEU_P1M_T2M","3271","2009-09-01","15.07","4","10",
"OBS_DEU_P1M_T2M","3271","2009-10-01","7.87","4","10",
"OBS_DEU_P1M_T2M","3271","2009-11-01","5.74","4","10",
"OBS_DEU_P1M_T2M","3271","2009-12-01","-0.02","4","10",
"OBS_DEU_P1M_T2M","3271","2010-01-01","-2.89","4","10",
"OBS_DEU_P1M_T2M","3271","2010-02-01","-0.95","4","10",
"OBS_DEU_P1M_T2M","3271","2010-03-01","3.93","4","10",
"OBS_DEU_P1M_T2M","3271","2010-04-01","8.97","4","10",
"OBS_DEU_P1M_T2M","3271","2010-05-01","12.24","4","10",
"OBS_DEU_P1M_T2M","3271","2010-06-01","17.21","4","10",
"OBS_DEU_P1M_T2M","3271","2010-07-01","20.18","4","10",
"OBS_DEU_P1M_T2M","3271","2010-08-01","16.85","4","10",
"OBS_DEU_P1M_T2M","3271","2010-09-01","11.97","4","10",
"OBS_DEU_P1M_T2M","3271","2010-10-01","7.33","4","10",
"OBS_DEU_P1M_T2M","3271","2010-11-01","4.96","4","10",
"OBS_DEU_P1M_T2M","3271","2010-12-01","-3.95","4","10",
"OBS_DEU_P1M_T2M","3271","2011-01-01","-1.17","4","10",
"OBS_DEU_P1M_T2M","3271","2011-02-01","-0.61","4","10",
"OBS_DEU_P1M_T2M","3271","2011-03-01","4.89","4","10",
"OBS_DEU_P1M_T2M","3271","2011-04-01","11.47","4","10",
"OBS_DEU_P1M_T2M","3271","2011-05-01","14.35","4","10",
"OBS_DEU_P1M_T2M","3271","2011-06-01","17.34","4","10",
"OBS_DEU_P1M_T2M","3271","2011-07-01","16.57","4","10",
"OBS_DEU_P1M_T2M","3271","2011-08-01","18.43","4","10",
"OBS_DEU_P1M_T2M","3271","2011-09-01","15.05","4","10",
"OBS_DEU_P1M_T2M","3271","2011-10-01","8.55","4","10",
"OBS_DEU_P1M_T2M","3271","2011-11-01","2.61","4","10",
"OBS_DEU_P1M_T2M","3271","2011-12-01","2.55","4","10",
"OBS_DEU_P1M_T2M","3271","2012-01-01","1.06","4","10",
"OBS_DEU_P1M_T2M","3271","2012-02-01","-4.08","4","10",
"OBS_DEU_P1M_T2M","3271","2012-03-01","6.24","4","10",
"OBS_DEU_P1M_T2M","3271","2012-04-01","9.46","4","10",
"OBS_DEU_P1M_T2M","3271","2012-05-01","14.99","4","10",
"OBS_DEU_P1M_T2M","3271","2012-06-01","17.42","4","10",
"OBS_DEU_P1M_T2M","3271","2012-07-01","18.43","4","10",
"OBS_DEU_P1M_T2M","3271","2012-08-01","18.61","4","10",
"OBS_DEU_P1M_T2M","3271","2012-09-01","13.75","4","10",
"OBS_DEU_P1M_T2M","3271","2012-10-01","8.04","4","10",
"OBS_DEU_P1M_T2M","3271","2012-11-01","4.45","4","10",
"OBS_DEU_P1M_T2M","3271","2012-12-01","-0.11","4","10",
"OBS_DEU_P1M_T2M","3271","2013-01-01","0.2","4","10",
"OBS_DEU_P1M_T2M","3271","2013-02-01","-0.87","4","10",
"OBS_DEU_P1M_T2M","3271","2013-03-01","2.18","4","10",
"OBS_DEU_P1M_T2M","3271","2013-04-01","9.35","4","10",
"OBS_DEU_P1M_T2M","3271","2013-05-01","12.62","4","7",
"OBS_DEU_P1M_T2M","3271","2013-06-01","16.26","4","3",
"OBS_DEU_P1M_T2M","3271","2013-07-01","20.4","4","3",
"OBS_DEU_P1M_T2M","3271","2013-08-01","18.7","4","3",
"OBS_DEU_P1M_T2M","3271","2013-09-01","13.52","4","3",
"OBS_DEU_P1M_T2M","3271","2013-10-01","9.41","4","3",
"OBS_DEU_P1M_T2M","3271","2013-11-01","4.03","4","3",
"OBS_DEU_P1M_T2M","3271","2013-12-01","0.62","4","3",
"OBS_DEU_P1M_T2M","3271","2014-01-01","1.15","4","3",
"OBS_DEU_P1M_T2M","3271","2014-02-01","2.9","4","3",
"OBS_DEU_P1M_T2M","3271","2014-03-01","6.84","4","3",
"OBS_DEU_P1M_T2M","3271","2014-04-01","10.62","4","3",
"OBS_DEU_P1M_T2M","3271","2014-05-01","12.85","4","3",
"OBS_DEU_P1M_T2M","3271","2014-06-01","17.31","4","3",
"OBS_DEU_P1M_T2M","3271","2014-07-01","19.11","4","3",
"OBS_DEU_P1M_T2M","3271","2014-08-01","16.43","4","3",
"OBS_DEU_P1M_T2M","3271","2014-09-01","14.6","4","3",
"OBS_DEU_P1M_T2M","3271","2014-10-01","10.95","4","3",
"OBS_DEU_P1M_T2M","3271","2014-11-01","5.55","4","3",
"OBS_DEU_P1M_T2M","3271","2014-12-01","2.29","4","3",
"OBS_DEU_P1M_T2M","3271","2015-01-01","1.2","4","3",
"OBS_DEU_P1M_T2M","3271","2015-02-01","-1","4","3",
"OBS_DEU_P1M_T2M","3271","2015-03-01","5.44","4","3",
"OBS_DEU_P1M_T2M","3271","2015-04-01","8.68","4","3",
"OBS_DEU_P1M_T2M","3271","2015-05-01","13.38","4","3",
"OBS_DEU_P1M_T2M","3271","2015-06-01","17.38","4","3",
"OBS_DEU_P1M_T2M","3271","2015-07-01","20.76","4","3",
"OBS_DEU_P1M_T2M","3271","2015-08-01","20.95","4","3",
"OBS_DEU_P1M_T2M","3271","2015-09-01","13.71","4","3",
"OBS_DEU_P1M_T2M","3271","2015-10-01","8.35","4","3",
"OBS_DEU_P1M_T2M","3271","2015-11-01","5.83","4","3",
"OBS_DEU_P1M_T2M","3271","2015-12-01","3.54","4","3",
"OBS_DEU_P1M_T2M","3271","2016-01-01","-0.3","4","3",
"OBS_DEU_P1M_T2M","3271","2016-02-01","3.62","4","3",
"OBS_DEU_P1M_T2M","3271","2016-03-01","4.6","4","3",
"OBS_DEU_P1M_T2M","3271","2016-04-01","9.07","4","3",
"OBS_DEU_P1M_T2M","3271","2016-05-01","13.94","4","3",
"OBS_DEU_P1M_T2M","3271","2016-06-01","17.14","4","3",
"OBS_DEU_P1M_T2M","3271","2016-07-01","18.95","4","3",
"OBS_DEU_P1M_T2M","3271","2016-08-01","17.63","4","3",
"OBS_DEU_P1M_T2M","3271","2016-09-01","15.94","4","3",
"OBS_DEU_P1M_T2M","3271","2016-10-01","8.29","4","3",
"OBS_DEU_P1M_T2M","3271","2016-11-01","3.05","4","3",
"OBS_DEU_P1M_T2M","3271","2016-12-01","-0.75","4","3",
"OBS_DEU_P1M_T2M","3271","2017-01-01","-6.15","4","3",
"OBS_DEU_P1M_T2M","3271","2017-02-01","1.65","4","3",
"OBS_DEU_P1M_T2M","3271","2017-03-01","6.85","4","3",
"OBS_DEU_P1M_T2M","3271","2017-04-01","8.09","4","3",
"OBS_DEU_P1M_T2M","3271","2017-05-01","14.69","4","3",
"OBS_DEU_P1M_T2M","3271","2017-06-01","18.91","4","3",
"OBS_DEU_P1M_T2M","3271","2017-07-01","18.75","4","3",
"OBS_DEU_P1M_T2M","3271","2017-08-01","18.78","4","3",
"OBS_DEU_P1M_T2M","3271","2017-09-01","12.17","4","3",
"OBS_DEU_P1M_T2M","3271","2017-10-01","9.98","4","3",
"OBS_DEU_P1M_T2M","3271","2017-11-01","3.88","4","3",
"OBS_DEU_P1M_T2M","3271","2017-12-01","0.6","4","3",
"OBS_DEU_P1M_T2M","3271","2018-01-01","2.65","4","3",
"OBS_DEU_P1M_T2M","3271","2018-02-01","-1.62","4","3",
"OBS_DEU_P1M_T2M","3271","2018-03-01","2.99","4","3",
"OBS_DEU_P1M_T2M","3271","2018-04-01","13.28","4","3",
"OBS_DEU_P1M_T2M","3271","2018-05-01","17.14","4","3",
"OBS_DEU_P1M_T2M","3271","2018-06-01","18.56","4","3",
"OBS_DEU_P1M_T2M","3271","2018-07-01","19.89","4","3",
"OBS_DEU_P1M_T2M","3271","2018-08-01","20.61","4","3",
"OBS_DEU_P1M_T2M","3271","2018-09-01","14.89","4","3",
"OBS_DEU_P1M_T2M","3271","2018-10-01","10.91","4","3",
"OBS_DEU_P1M_T2M","3271","2018-11-01","4.87","4","3",
"OBS_DEU_P1M_T2M","3271","2018-12-01","2.15","4","3",
"OBS_DEU_P1M_T2M","3271","2019-01-01","-0.83","4","3",
"OBS_DEU_P1M_T2M","3271","2019-02-01","0.93","4","3",
"OBS_DEU_P1M_T2M","3271","2019-03-01","6.75","4","3",
"OBS_DEU_P1M_T2M","3271","2019-04-01","11.3","4","3",
"OBS_DEU_P1M_T2M","3271","2019-05-01","11.55","4","3",
"OBS_DEU_P1M_T2M","3271","2019-06-01","20.78","4","3",
"OBS_DEU_P1M_T2M","3271","2019-07-01","19.62","4","3",
"OBS_DEU_P1M_T2M","3271","2019-08-01","19.29","4","3",
"OBS_DEU_P1M_T2M","3271","2019-09-01","14.18","4","3",
"OBS_DEU_P1M_T2M","3271","2019-10-01","10.18","4","3",
"OBS_DEU_P1M_T2M","3271","2019-11-01","4.81","4","3",
"OBS_DEU_P1M_T2M","3271","2019-12-01","2.22","4","3",
"OBS_DEU_P1M_T2M","3271","2020-01-01","0.52","4","3",
"OBS_DEU_P1M_T2M","3271","2020-02-01","4.3","4","3",
"OBS_DEU_P1M_T2M","3271","2020-03-01","5.59","4","3",
"OBS_DEU_P1M_T2M","3271","2020-04-01","11.31","4","3",
"OBS_DEU_P1M_T2M","3271","2020-05-01","12.41","4","3",
"OBS_DEU_P1M_T2M","3271","2020-06-01","16.55","4","3",
"OBS_DEU_P1M_T2M","3271","2020-07-01","18.38","4","3",
"OBS_DEU_P1M_T2M","3271","2020-08-01","19.23","4","3",
"OBS_DEU_P1M_T2M","3271","2020-09-01","14.92","4","3",
"OBS_DEU_P1M_T2M","3271","2020-10-01","9.41","4","3",
"OBS_DEU_P1M_T2M","3271","2020-11-01","3.89","4","3",
"OBS_DEU_P1M_T2M","3271","2020-12-01","1.65","4","3",
"OBS_DEU_P1M_T2M","3271","2021-01-01","-0.75","4","1",
"OBS_DEU_P1M_T2M","3271","2021-02-01","1.51","4","1",
"OBS_DEU_P1M_T2M","3271","2021-03-01","4.22","4","1",
